subreddit,month,posts,tier,tier_label,category,in_theme_measurement
AI_Addiction,2023-01,0,3,T3 — Recovery & Dependency,Recovery & Dependency,true
AI_Addiction,2023-02,0,3,T3 — Recovery & Dependency,Recovery & Dependency,true
AI_Addiction,2023-03,0,3,T3 — Recovery & Dependency,Recovery & Dependency,true
AI_Addiction,2023-04,0,3,T3 — Recovery & Dependency,Recovery & Dependency,true
AI_Addiction,2023-05,0,3,T3 — Recovery & Dependency,Recovery & Dependency,true
AI_Addiction,2023-06,1,3,T3 — Recovery & Dependency,Recovery & Dependency,true
AI_Addiction,2023-07,0,3,T3 — Recovery & Dependency,Recovery & Dependency,true
AI_Addiction,2023-08,1,3,T3 — Recovery & Dependency,Recovery & Dependency,true
AI_Addiction,2023-09,0,3,T3 — Recovery & Dependency,Recovery & Dependency,true
AI_Addiction,2023-10,1,3,T3 — Recovery & Dependency,Recovery & Dependency,true
AI_Addiction,2023-11,0,3,T3 — Recovery & Dependency,Recovery & Dependency,true
AI_Addiction,2023-12,1,3,T3 — Recovery & Dependency,Recovery & Dependency,true
AI_Addiction,2024-01,2,3,T3 — Recovery & Dependency,Recovery & Dependency,true
AI_Addiction,2024-02,3,3,T3 — Recovery & Dependency,Recovery & Dependency,true
AI_Addiction,2024-03,3,3,T3 — Recovery & Dependency,Recovery & Dependency,true
AI_Addiction,2024-04,1,3,T3 — Recovery & Dependency,Recovery & Dependency,true
AI_Addiction,2024-05,0,3,T3 — Recovery & Dependency,Recovery & Dependency,true
AI_Addiction,2024-06,1,3,T3 — Recovery & Dependency,Recovery & Dependency,true
AI_Addiction,2024-07,0,3,T3 — Recovery & Dependency,Recovery & Dependency,true
AI_Addiction,2024-08,3,3,T3 — Recovery & Dependency,Recovery & Dependency,true
AI_Addiction,2024-09,0,3,T3 — Recovery & Dependency,Recovery & Dependency,true
AI_Addiction,2024-10,0,3,T3 — Recovery & Dependency,Recovery & Dependency,true
AI_Addiction,2024-11,3,3,T3 — Recovery & Dependency,Recovery & Dependency,true
AI_Addiction,2024-12,2,3,T3 — Recovery & Dependency,Recovery & Dependency,true
AI_Addiction,2025-01,0,3,T3 — Recovery & Dependency,Recovery & Dependency,true
AI_Addiction,2025-02,0,3,T3 — Recovery & Dependency,Recovery & Dependency,true
AI_Addiction,2025-03,1,3,T3 — Recovery & Dependency,Recovery & Dependency,true
AI_Addiction,2025-04,2,3,T3 — Recovery & Dependency,Recovery & Dependency,true
AI_Addiction,2025-05,0,3,T3 — Recovery & Dependency,Recovery & Dependency,true
AI_Addiction,2025-06,0,3,T3 — Recovery & Dependency,Recovery & Dependency,true
AI_Addiction,2025-07,1,3,T3 — Recovery & Dependency,Recovery & Dependency,true
AI_Addiction,2025-08,8,3,T3 — Recovery & Dependency,Recovery & Dependency,true
AI_Addiction,2025-09,4,3,T3 — Recovery & Dependency,Recovery & Dependency,true
AI_Addiction,2025-10,6,3,T3 — Recovery & Dependency,Recovery & Dependency,true
AI_Addiction,2025-11,4,3,T3 — Recovery & Dependency,Recovery & Dependency,true
AI_Addiction,2025-12,7,3,T3 — Recovery & Dependency,Recovery & Dependency,true
AI_Addiction,2026-01,17,3,T3 — Recovery & Dependency,Recovery & Dependency,true
AI_Addiction,2026-02,3,3,T3 — Recovery & Dependency,Recovery & Dependency,true
AI_Addiction,2026-03,6,3,T3 — Recovery & Dependency,Recovery & Dependency,true
AI_Addiction,2026-04,3,3,T3 — Recovery & Dependency,Recovery & Dependency,true
AI_Addiction,2026-05,4,3,T3 — Recovery & Dependency,Recovery & Dependency,true
AI_Addiction,2026-06,2,3,T3 — Recovery & Dependency,Recovery & Dependency,true
AI_Addiction,2026-07,2,3,T3 — Recovery & Dependency,Recovery & Dependency,true
AI_Addiction,2026-08,8,3,T3 — Recovery & Dependency,Recovery & Dependency,true
AICompanions,2023-01,0,1,T1 — Primary Companionship,Primary Companionship,true
AICompanions,2023-02,0,1,T1 — Primary Companionship,Primary Companionship,true
AICompanions,2023-03,0,1,T1 — Primary Companionship,Primary Companionship,true
AICompanions,2023-04,0,1,T1 — Primary Companionship,Primary Companionship,true
AICompanions,2023-05,0,1,T1 — Primary Companionship,Primary Companionship,true
AICompanions,2023-06,0,1,T1 — Primary Companionship,Primary Companionship,true
AICompanions,2023-07,0,1,T1 — Primary Companionship,Primary Companionship,true
AICompanions,2023-08,0,1,T1 — Primary Companionship,Primary Companionship,true
AICompanions,2023-09,0,1,T1 — Primary Companionship,Primary Companionship,true
AICompanions,2023-10,0,1,T1 — Primary Companionship,Primary Companionship,true
AICompanions,2023-11,0,1,T1 — Primary Companionship,Primary Companionship,true
AICompanions,2023-12,1,1,T1 — Primary Companionship,Primary Companionship,true
AICompanions,2024-01,0,1,T1 — Primary Companionship,Primary Companionship,true
AICompanions,2024-02,0,1,T1 — Primary Companionship,Primary Companionship,true
AICompanions,2024-03,0,1,T1 — Primary Companionship,Primary Companionship,true
AICompanions,2024-04,16,1,T1 — Primary Companionship,Primary Companionship,true
AICompanions,2024-05,27,1,T1 — Primary Companionship,Primary Companionship,true
AICompanions,2024-06,9,1,T1 — Primary Companionship,Primary Companionship,true
AICompanions,2024-07,3,1,T1 — Primary Companionship,Primary Companionship,true
AICompanions,2024-08,9,1,T1 — Primary Companionship,Primary Companionship,true
AICompanions,2024-09,2,1,T1 — Primary Companionship,Primary Companionship,true
AICompanions,2024-10,0,1,T1 — Primary Companionship,Primary Companionship,true
AICompanions,2024-11,0,1,T1 — Primary Companionship,Primary Companionship,true
AICompanions,2024-12,0,1,T1 — Primary Companionship,Primary Companionship,true
AICompanions,2025-01,0,1,T1 — Primary Companionship,Primary Companionship,true
AICompanions,2025-02,0,1,T1 — Primary Companionship,Primary Companionship,true
AICompanions,2025-03,0,1,T1 — Primary Companionship,Primary Companionship,true
AICompanions,2025-04,0,1,T1 — Primary Companionship,Primary Companionship,true
AICompanions,2025-05,0,1,T1 — Primary Companionship,Primary Companionship,true
AICompanions,2025-06,0,1,T1 — Primary Companionship,Primary Companionship,true
AICompanions,2025-07,0,1,T1 — Primary Companionship,Primary Companionship,true
AICompanions,2025-08,0,1,T1 — Primary Companionship,Primary Companionship,true
AICompanions,2025-09,77,1,T1 — Primary Companionship,Primary Companionship,true
AICompanions,2025-10,233,1,T1 — Primary Companionship,Primary Companionship,true
AICompanions,2025-11,434,1,T1 — Primary Companionship,Primary Companionship,true
AICompanions,2025-12,379,1,T1 — Primary Companionship,Primary Companionship,true
AICompanions,2026-01,287,1,T1 — Primary Companionship,Primary Companionship,true
AICompanions,2026-02,175,1,T1 — Primary Companionship,Primary Companionship,true
AICompanions,2026-03,132,1,T1 — Primary Companionship,Primary Companionship,true
AICompanions,2026-04,84,1,T1 — Primary Companionship,Primary Companionship,true
AICompanions,2026-05,62,1,T1 — Primary Companionship,Primary Companionship,true
AICompanions,2026-06,77,1,T1 — Primary Companionship,Primary Companionship,true
AICompanions,2026-07,55,1,T1 — Primary Companionship,Primary Companionship,true
AICompanions,2026-08,67,1,T1 — Primary Companionship,Primary Companionship,true
AIDangers,2023-01,0,4,T4 — Ambient / Discourse Climate (context),Ambient — Anti-AI,false
AIDangers,2023-02,0,4,T4 — Ambient / Discourse Climate (context),Ambient — Anti-AI,false
AIDangers,2023-03,0,4,T4 — Ambient / Discourse Climate (context),Ambient — Anti-AI,false
AIDangers,2023-04,0,4,T4 — Ambient / Discourse Climate (context),Ambient — Anti-AI,false
AIDangers,2023-05,0,4,T4 — Ambient / Discourse Climate (context),Ambient — Anti-AI,false
AIDangers,2023-06,0,4,T4 — Ambient / Discourse Climate (context),Ambient — Anti-AI,false
AIDangers,2023-07,0,4,T4 — Ambient / Discourse Climate (context),Ambient — Anti-AI,false
AIDangers,2023-08,0,4,T4 — Ambient / Discourse Climate (context),Ambient — Anti-AI,false
AIDangers,2023-09,0,4,T4 — Ambient / Discourse Climate (context),Ambient — Anti-AI,false
AIDangers,2023-10,0,4,T4 — Ambient / Discourse Climate (context),Ambient — Anti-AI,false
AIDangers,2023-11,0,4,T4 — Ambient / Discourse Climate (context),Ambient — Anti-AI,false
AIDangers,2023-12,0,4,T4 — Ambient / Discourse Climate (context),Ambient — Anti-AI,false
AIDangers,2024-01,0,4,T4 — Ambient / Discourse Climate (context),Ambient — Anti-AI,false
AIDangers,2024-02,0,4,T4 — Ambient / Discourse Climate (context),Ambient — Anti-AI,false
AIDangers,2024-03,0,4,T4 — Ambient / Discourse Climate (context),Ambient — Anti-AI,false
AIDangers,2024-04,0,4,T4 — Ambient / Discourse Climate (context),Ambient — Anti-AI,false
AIDangers,2024-05,0,4,T4 — Ambient / Discourse Climate (context),Ambient — Anti-AI,false
AIDangers,2024-06,0,4,T4 — Ambient / Discourse Climate (context),Ambient — Anti-AI,false
AIDangers,2024-07,0,4,T4 — Ambient / Discourse Climate (context),Ambient — Anti-AI,false
AIDangers,2024-08,0,4,T4 — Ambient / Discourse Climate (context),Ambient — Anti-AI,false
AIDangers,2024-09,0,4,T4 — Ambient / Discourse Climate (context),Ambient — Anti-AI,false
AIDangers,2024-10,0,4,T4 — Ambient / Discourse Climate (context),Ambient — Anti-AI,false
AIDangers,2024-11,0,4,T4 — Ambient / Discourse Climate (context),Ambient — Anti-AI,false
AIDangers,2024-12,0,4,T4 — Ambient / Discourse Climate (context),Ambient — Anti-AI,false
AIDangers,2025-01,0,4,T4 — Ambient / Discourse Climate (context),Ambient — Anti-AI,false
AIDangers,2025-02,0,4,T4 — Ambient / Discourse Climate (context),Ambient — Anti-AI,false
AIDangers,2025-03,0,4,T4 — Ambient / Discourse Climate (context),Ambient — Anti-AI,false
AIDangers,2025-04,0,4,T4 — Ambient / Discourse Climate (context),Ambient — Anti-AI,false
AIDangers,2025-05,65,4,T4 — Ambient / Discourse Climate (context),Ambient — Anti-AI,false
AIDangers,2025-06,32,4,T4 — Ambient / Discourse Climate (context),Ambient — Anti-AI,false
AIDangers,2025-07,171,4,T4 — Ambient / Discourse Climate (context),Ambient — Anti-AI,false
AIDangers,2025-08,329,4,T4 — Ambient / Discourse Climate (context),Ambient — Anti-AI,false
AIDangers,2025-09,276,4,T4 — Ambient / Discourse Climate (context),Ambient — Anti-AI,false
AIDangers,2025-10,334,4,T4 — Ambient / Discourse Climate (context),Ambient — Anti-AI,false
AIDangers,2025-11,317,4,T4 — Ambient / Discourse Climate (context),Ambient — Anti-AI,false
AIDangers,2025-12,197,4,T4 — Ambient / Discourse Climate (context),Ambient — Anti-AI,false
AIDangers,2026-01,235,4,T4 — Ambient / Discourse Climate (context),Ambient — Anti-AI,false
AIDangers,2026-02,230,4,T4 — Ambient / Discourse Climate (context),Ambient — Anti-AI,false
AIDangers,2026-03,326,4,T4 — Ambient / Discourse Climate (context),Ambient — Anti-AI,false
AIDangers,2026-04,452,4,T4 — Ambient / Discourse Climate (context),Ambient — Anti-AI,false
AIDangers,2026-05,497,4,T4 — Ambient / Discourse Climate (context),Ambient — Anti-AI,false
AIDangers,2026-06,494,4,T4 — Ambient / Discourse Climate (context),Ambient — Anti-AI,false
AIDangers,2026-07,518,4,T4 — Ambient / Discourse Climate (context),Ambient — Anti-AI,false
AIDangers,2026-08,616,4,T4 — Ambient / Discourse Climate (context),Ambient — Anti-AI,false
AIGirlfriend,2023-01,0,2,T2 — Platform-Specific,Platform-Specific,false
AIGirlfriend,2023-02,0,2,T2 — Platform-Specific,Platform-Specific,false
AIGirlfriend,2023-03,0,2,T2 — Platform-Specific,Platform-Specific,false
AIGirlfriend,2023-04,0,2,T2 — Platform-Specific,Platform-Specific,false
AIGirlfriend,2023-05,0,2,T2 — Platform-Specific,Platform-Specific,false
AIGirlfriend,2023-06,1,2,T2 — Platform-Specific,Platform-Specific,false
AIGirlfriend,2023-07,0,2,T2 — Platform-Specific,Platform-Specific,false
AIGirlfriend,2023-08,1,2,T2 — Platform-Specific,Platform-Specific,false
AIGirlfriend,2023-09,0,2,T2 — Platform-Specific,Platform-Specific,false
AIGirlfriend,2023-10,0,2,T2 — Platform-Specific,Platform-Specific,false
AIGirlfriend,2023-11,0,2,T2 — Platform-Specific,Platform-Specific,false
AIGirlfriend,2023-12,0,2,T2 — Platform-Specific,Platform-Specific,false
AIGirlfriend,2024-01,1,2,T2 — Platform-Specific,Platform-Specific,false
AIGirlfriend,2024-02,0,2,T2 — Platform-Specific,Platform-Specific,false
AIGirlfriend,2024-03,0,2,T2 — Platform-Specific,Platform-Specific,false
AIGirlfriend,2024-04,0,2,T2 — Platform-Specific,Platform-Specific,false
AIGirlfriend,2024-05,0,2,T2 — Platform-Specific,Platform-Specific,false
AIGirlfriend,2024-06,0,2,T2 — Platform-Specific,Platform-Specific,false
AIGirlfriend,2024-07,0,2,T2 — Platform-Specific,Platform-Specific,false
AIGirlfriend,2024-08,58,2,T2 — Platform-Specific,Platform-Specific,false
AIGirlfriend,2024-09,96,2,T2 — Platform-Specific,Platform-Specific,false
AIGirlfriend,2024-10,166,2,T2 — Platform-Specific,Platform-Specific,false
AIGirlfriend,2024-11,153,2,T2 — Platform-Specific,Platform-Specific,false
AIGirlfriend,2024-12,345,2,T2 — Platform-Specific,Platform-Specific,false
AIGirlfriend,2025-01,366,2,T2 — Platform-Specific,Platform-Specific,false
AIGirlfriend,2025-02,318,2,T2 — Platform-Specific,Platform-Specific,false
AIGirlfriend,2025-03,630,2,T2 — Platform-Specific,Platform-Specific,false
AIGirlfriend,2025-04,935,2,T2 — Platform-Specific,Platform-Specific,false
AIGirlfriend,2025-05,1384,2,T2 — Platform-Specific,Platform-Specific,false
AIGirlfriend,2025-06,1594,2,T2 — Platform-Specific,Platform-Specific,false
AIGirlfriend,2025-07,1587,2,T2 — Platform-Specific,Platform-Specific,false
AIGirlfriend,2025-08,1192,2,T2 — Platform-Specific,Platform-Specific,false
AIGirlfriend,2025-09,1255,2,T2 — Platform-Specific,Platform-Specific,false
AIGirlfriend,2025-10,1174,2,T2 — Platform-Specific,Platform-Specific,false
AIGirlfriend,2025-11,1339,2,T2 — Platform-Specific,Platform-Specific,false
AIGirlfriend,2025-12,1345,2,T2 — Platform-Specific,Platform-Specific,false
AIGirlfriend,2026-01,1457,2,T2 — Platform-Specific,Platform-Specific,false
AIGirlfriend,2026-02,1117,2,T2 — Platform-Specific,Platform-Specific,false
AIGirlfriend,2026-03,1061,2,T2 — Platform-Specific,Platform-Specific,false
AIGirlfriend,2026-04,1067,2,T2 — Platform-Specific,Platform-Specific,false
AIGirlfriend,2026-05,1048,2,T2 — Platform-Specific,Platform-Specific,false
AIGirlfriend,2026-06,807,2,T2 — Platform-Specific,Platform-Specific,false
AIGirlfriend,2026-07,635,2,T2 — Platform-Specific,Platform-Specific,false
AIGirlfriend,2026-08,616,2,T2 — Platform-Specific,Platform-Specific,false
aipartners,2023-01,0,1,T1 — Primary Companionship,Primary Companionship,true
aipartners,2023-02,0,1,T1 — Primary Companionship,Primary Companionship,true
aipartners,2023-03,0,1,T1 — Primary Companionship,Primary Companionship,true
aipartners,2023-04,0,1,T1 — Primary Companionship,Primary Companionship,true
aipartners,2023-05,0,1,T1 — Primary Companionship,Primary Companionship,true
aipartners,2023-06,0,1,T1 — Primary Companionship,Primary Companionship,true
aipartners,2023-07,0,1,T1 — Primary Companionship,Primary Companionship,true
aipartners,2023-08,0,1,T1 — Primary Companionship,Primary Companionship,true
aipartners,2023-09,0,1,T1 — Primary Companionship,Primary Companionship,true
aipartners,2023-10,0,1,T1 — Primary Companionship,Primary Companionship,true
aipartners,2023-11,0,1,T1 — Primary Companionship,Primary Companionship,true
aipartners,2023-12,0,1,T1 — Primary Companionship,Primary Companionship,true
aipartners,2024-01,0,1,T1 — Primary Companionship,Primary Companionship,true
aipartners,2024-02,0,1,T1 — Primary Companionship,Primary Companionship,true
aipartners,2024-03,0,1,T1 — Primary Companionship,Primary Companionship,true
aipartners,2024-04,0,1,T1 — Primary Companionship,Primary Companionship,true
aipartners,2024-05,0,1,T1 — Primary Companionship,Primary Companionship,true
aipartners,2024-06,0,1,T1 — Primary Companionship,Primary Companionship,true
aipartners,2024-07,0,1,T1 — Primary Companionship,Primary Companionship,true
aipartners,2024-08,0,1,T1 — Primary Companionship,Primary Companionship,true
aipartners,2024-09,0,1,T1 — Primary Companionship,Primary Companionship,true
aipartners,2024-10,0,1,T1 — Primary Companionship,Primary Companionship,true
aipartners,2024-11,0,1,T1 — Primary Companionship,Primary Companionship,true
aipartners,2024-12,0,1,T1 — Primary Companionship,Primary Companionship,true
aipartners,2025-01,0,1,T1 — Primary Companionship,Primary Companionship,true
aipartners,2025-02,0,1,T1 — Primary Companionship,Primary Companionship,true
aipartners,2025-03,0,1,T1 — Primary Companionship,Primary Companionship,true
aipartners,2025-04,0,1,T1 — Primary Companionship,Primary Companionship,true
aipartners,2025-05,0,1,T1 — Primary Companionship,Primary Companionship,true
aipartners,2025-06,0,1,T1 — Primary Companionship,Primary Companionship,true
aipartners,2025-07,0,1,T1 — Primary Companionship,Primary Companionship,true
aipartners,2025-08,0,1,T1 — Primary Companionship,Primary Companionship,true
aipartners,2025-09,0,1,T1 — Primary Companionship,Primary Companionship,true
aipartners,2025-10,0,1,T1 — Primary Companionship,Primary Companionship,true
aipartners,2025-11,0,1,T1 — Primary Companionship,Primary Companionship,true
aipartners,2025-12,12,1,T1 — Primary Companionship,Primary Companionship,true
aipartners,2026-01,136,1,T1 — Primary Companionship,Primary Companionship,true
aipartners,2026-02,103,1,T1 — Primary Companionship,Primary Companionship,true
aipartners,2026-03,148,1,T1 — Primary Companionship,Primary Companionship,true
aipartners,2026-04,130,1,T1 — Primary Companionship,Primary Companionship,true
aipartners,2026-05,173,1,T1 — Primary Companionship,Primary Companionship,true
aipartners,2026-06,196,1,T1 — Primary Companionship,Primary Companionship,true
aipartners,2026-07,172,1,T1 — Primary Companionship,Primary Companionship,true
aipartners,2026-08,200,1,T1 — Primary Companionship,Primary Companionship,true
AIRelationships,2023-01,0,1,T1 — Primary Companionship,Primary Companionship,true
AIRelationships,2023-02,0,1,T1 — Primary Companionship,Primary Companionship,true
AIRelationships,2023-03,14,1,T1 — Primary Companionship,Primary Companionship,true
AIRelationships,2023-04,7,1,T1 — Primary Companionship,Primary Companionship,true
AIRelationships,2023-05,2,1,T1 — Primary Companionship,Primary Companionship,true
AIRelationships,2023-06,1,1,T1 — Primary Companionship,Primary Companionship,true
AIRelationships,2023-07,0,1,T1 — Primary Companionship,Primary Companionship,true
AIRelationships,2023-08,1,1,T1 — Primary Companionship,Primary Companionship,true
AIRelationships,2023-09,0,1,T1 — Primary Companionship,Primary Companionship,true
AIRelationships,2023-10,1,1,T1 — Primary Companionship,Primary Companionship,true
AIRelationships,2023-11,0,1,T1 — Primary Companionship,Primary Companionship,true
AIRelationships,2023-12,1,1,T1 — Primary Companionship,Primary Companionship,true
AIRelationships,2024-01,1,1,T1 — Primary Companionship,Primary Companionship,true
AIRelationships,2024-02,1,1,T1 — Primary Companionship,Primary Companionship,true
AIRelationships,2024-03,1,1,T1 — Primary Companionship,Primary Companionship,true
AIRelationships,2024-04,2,1,T1 — Primary Companionship,Primary Companionship,true
AIRelationships,2024-05,5,1,T1 — Primary Companionship,Primary Companionship,true
AIRelationships,2024-06,2,1,T1 — Primary Companionship,Primary Companionship,true
AIRelationships,2024-07,0,1,T1 — Primary Companionship,Primary Companionship,true
AIRelationships,2024-08,2,1,T1 — Primary Companionship,Primary Companionship,true
AIRelationships,2024-09,2,1,T1 — Primary Companionship,Primary Companionship,true
AIRelationships,2024-10,0,1,T1 — Primary Companionship,Primary Companionship,true
AIRelationships,2024-11,16,1,T1 — Primary Companionship,Primary Companionship,true
AIRelationships,2024-12,6,1,T1 — Primary Companionship,Primary Companionship,true
AIRelationships,2025-01,5,1,T1 — Primary Companionship,Primary Companionship,true
AIRelationships,2025-02,6,1,T1 — Primary Companionship,Primary Companionship,true
AIRelationships,2025-03,8,1,T1 — Primary Companionship,Primary Companionship,true
AIRelationships,2025-04,23,1,T1 — Primary Companionship,Primary Companionship,true
AIRelationships,2025-05,18,1,T1 — Primary Companionship,Primary Companionship,true
AIRelationships,2025-06,23,1,T1 — Primary Companionship,Primary Companionship,true
AIRelationships,2025-07,73,1,T1 — Primary Companionship,Primary Companionship,true
AIRelationships,2025-08,127,1,T1 — Primary Companionship,Primary Companionship,true
AIRelationships,2025-09,195,1,T1 — Primary Companionship,Primary Companionship,true
AIRelationships,2025-10,197,1,T1 — Primary Companionship,Primary Companionship,true
AIRelationships,2025-11,103,1,T1 — Primary Companionship,Primary Companionship,true
AIRelationships,2025-12,81,1,T1 — Primary Companionship,Primary Companionship,true
AIRelationships,2026-01,40,1,T1 — Primary Companionship,Primary Companionship,true
AIRelationships,2026-02,54,1,T1 — Primary Companionship,Primary Companionship,true
AIRelationships,2026-03,89,1,T1 — Primary Companionship,Primary Companionship,true
AIRelationships,2026-04,128,1,T1 — Primary Companionship,Primary Companionship,true
AIRelationships,2026-05,205,1,T1 — Primary Companionship,Primary Companionship,true
AIRelationships,2026-06,364,1,T1 — Primary Companionship,Primary Companionship,true
AIRelationships,2026-07,420,1,T1 — Primary Companionship,Primary Companionship,true
AIRelationships,2026-08,167,1,T1 — Primary Companionship,Primary Companionship,true
aiwars,2023-01,174,4,T4 — Ambient / Discourse Climate (context),Ambient — Debate Arena,false
aiwars,2023-02,125,4,T4 — Ambient / Discourse Climate (context),Ambient — Debate Arena,false
aiwars,2023-03,210,4,T4 — Ambient / Discourse Climate (context),Ambient — Debate Arena,false
aiwars,2023-04,152,4,T4 — Ambient / Discourse Climate (context),Ambient — Debate Arena,false
aiwars,2023-05,214,4,T4 — Ambient / Discourse Climate (context),Ambient — Debate Arena,false
aiwars,2023-06,182,4,T4 — Ambient / Discourse Climate (context),Ambient — Debate Arena,false
aiwars,2023-07,225,4,T4 — Ambient / Discourse Climate (context),Ambient — Debate Arena,false
aiwars,2023-08,377,4,T4 — Ambient / Discourse Climate (context),Ambient — Debate Arena,false
aiwars,2023-09,264,4,T4 — Ambient / Discourse Climate (context),Ambient — Debate Arena,false
aiwars,2023-10,358,4,T4 — Ambient / Discourse Climate (context),Ambient — Debate Arena,false
aiwars,2023-11,343,4,T4 — Ambient / Discourse Climate (context),Ambient — Debate Arena,false
aiwars,2023-12,372,4,T4 — Ambient / Discourse Climate (context),Ambient — Debate Arena,false
aiwars,2024-01,453,4,T4 — Ambient / Discourse Climate (context),Ambient — Debate Arena,false
aiwars,2024-02,532,4,T4 — Ambient / Discourse Climate (context),Ambient — Debate Arena,false
aiwars,2024-03,494,4,T4 — Ambient / Discourse Climate (context),Ambient — Debate Arena,false
aiwars,2024-04,489,4,T4 — Ambient / Discourse Climate (context),Ambient — Debate Arena,false
aiwars,2024-05,464,4,T4 — Ambient / Discourse Climate (context),Ambient — Debate Arena,false
aiwars,2024-06,530,4,T4 — Ambient / Discourse Climate (context),Ambient — Debate Arena,false
aiwars,2024-07,473,4,T4 — Ambient / Discourse Climate (context),Ambient — Debate Arena,false
aiwars,2024-08,554,4,T4 — Ambient / Discourse Climate (context),Ambient — Debate Arena,false
aiwars,2024-09,479,4,T4 — Ambient / Discourse Climate (context),Ambient — Debate Arena,false
aiwars,2024-10,572,4,T4 — Ambient / Discourse Climate (context),Ambient — Debate Arena,false
aiwars,2024-11,548,4,T4 — Ambient / Discourse Climate (context),Ambient — Debate Arena,false
aiwars,2024-12,644,4,T4 — Ambient / Discourse Climate (context),Ambient — Debate Arena,false
aiwars,2025-01,754,4,T4 — Ambient / Discourse Climate (context),Ambient — Debate Arena,false
aiwars,2025-02,616,4,T4 — Ambient / Discourse Climate (context),Ambient — Debate Arena,false
aiwars,2025-03,848,4,T4 — Ambient / Discourse Climate (context),Ambient — Debate Arena,false
aiwars,2025-04,1667,4,T4 — Ambient / Discourse Climate (context),Ambient — Debate Arena,false
aiwars,2025-05,1722,4,T4 — Ambient / Discourse Climate (context),Ambient — Debate Arena,false
aiwars,2025-06,2139,4,T4 — Ambient / Discourse Climate (context),Ambient — Debate Arena,false
aiwars,2025-07,3053,4,T4 — Ambient / Discourse Climate (context),Ambient — Debate Arena,false
aiwars,2025-08,2633,4,T4 — Ambient / Discourse Climate (context),Ambient — Debate Arena,false
aiwars,2025-09,2346,4,T4 — Ambient / Discourse Climate (context),Ambient — Debate Arena,false
aiwars,2025-10,2648,4,T4 — Ambient / Discourse Climate (context),Ambient — Debate Arena,false
aiwars,2025-11,2252,4,T4 — Ambient / Discourse Climate (context),Ambient — Debate Arena,false
aiwars,2025-12,3127,4,T4 — Ambient / Discourse Climate (context),Ambient — Debate Arena,false
aiwars,2026-01,3820,4,T4 — Ambient / Discourse Climate (context),Ambient — Debate Arena,false
aiwars,2026-02,3833,4,T4 — Ambient / Discourse Climate (context),Ambient — Debate Arena,false
aiwars,2026-03,3180,4,T4 — Ambient / Discourse Climate (context),Ambient — Debate Arena,false
aiwars,2026-04,2995,4,T4 — Ambient / Discourse Climate (context),Ambient — Debate Arena,false
aiwars,2026-05,3129,4,T4 — Ambient / Discourse Climate (context),Ambient — Debate Arena,false
aiwars,2026-06,3407,4,T4 — Ambient / Discourse Climate (context),Ambient — Debate Arena,false
aiwars,2026-07,3373,4,T4 — Ambient / Discourse Climate (context),Ambient — Debate Arena,false
aiwars,2026-08,3999,4,T4 — Ambient / Discourse Climate (context),Ambient — Debate Arena,false
antiAI,2023-01,0,4,T4 — Ambient / Discourse Climate (context),Ambient — Anti-AI,false
antiAI,2023-02,0,4,T4 — Ambient / Discourse Climate (context),Ambient — Anti-AI,false
antiAI,2023-03,0,4,T4 — Ambient / Discourse Climate (context),Ambient — Anti-AI,false
antiAI,2023-04,0,4,T4 — Ambient / Discourse Climate (context),Ambient — Anti-AI,false
antiAI,2023-05,0,4,T4 — Ambient / Discourse Climate (context),Ambient — Anti-AI,false
antiAI,2023-06,0,4,T4 — Ambient / Discourse Climate (context),Ambient — Anti-AI,false
antiAI,2023-07,0,4,T4 — Ambient / Discourse Climate (context),Ambient — Anti-AI,false
antiAI,2023-08,0,4,T4 — Ambient / Discourse Climate (context),Ambient — Anti-AI,false
antiAI,2023-09,0,4,T4 — Ambient / Discourse Climate (context),Ambient — Anti-AI,false
antiAI,2023-10,0,4,T4 — Ambient / Discourse Climate (context),Ambient — Anti-AI,false
antiAI,2023-11,0,4,T4 — Ambient / Discourse Climate (context),Ambient — Anti-AI,false
antiAI,2023-12,0,4,T4 — Ambient / Discourse Climate (context),Ambient — Anti-AI,false
antiAI,2024-01,0,4,T4 — Ambient / Discourse Climate (context),Ambient — Anti-AI,false
antiAI,2024-02,0,4,T4 — Ambient / Discourse Climate (context),Ambient — Anti-AI,false
antiAI,2024-03,0,4,T4 — Ambient / Discourse Climate (context),Ambient — Anti-AI,false
antiAI,2024-04,0,4,T4 — Ambient / Discourse Climate (context),Ambient — Anti-AI,false
antiAI,2024-05,0,4,T4 — Ambient / Discourse Climate (context),Ambient — Anti-AI,false
antiAI,2024-06,0,4,T4 — Ambient / Discourse Climate (context),Ambient — Anti-AI,false
antiAI,2024-07,0,4,T4 — Ambient / Discourse Climate (context),Ambient — Anti-AI,false
antiAI,2024-08,0,4,T4 — Ambient / Discourse Climate (context),Ambient — Anti-AI,false
antiAI,2024-09,0,4,T4 — Ambient / Discourse Climate (context),Ambient — Anti-AI,false
antiAI,2024-10,0,4,T4 — Ambient / Discourse Climate (context),Ambient — Anti-AI,false
antiAI,2024-11,0,4,T4 — Ambient / Discourse Climate (context),Ambient — Anti-AI,false
antiAI,2024-12,0,4,T4 — Ambient / Discourse Climate (context),Ambient — Anti-AI,false
antiAI,2025-01,0,4,T4 — Ambient / Discourse Climate (context),Ambient — Anti-AI,false
antiAI,2025-02,0,4,T4 — Ambient / Discourse Climate (context),Ambient — Anti-AI,false
antiAI,2025-03,24,4,T4 — Ambient / Discourse Climate (context),Ambient — Anti-AI,false
antiAI,2025-04,80,4,T4 — Ambient / Discourse Climate (context),Ambient — Anti-AI,false
antiAI,2025-05,537,4,T4 — Ambient / Discourse Climate (context),Ambient — Anti-AI,false
antiAI,2025-06,1761,4,T4 — Ambient / Discourse Climate (context),Ambient — Anti-AI,false
antiAI,2025-07,2989,4,T4 — Ambient / Discourse Climate (context),Ambient — Anti-AI,false
antiAI,2025-08,3051,4,T4 — Ambient / Discourse Climate (context),Ambient — Anti-AI,false
antiAI,2025-09,2603,4,T4 — Ambient / Discourse Climate (context),Ambient — Anti-AI,false
antiAI,2025-10,2998,4,T4 — Ambient / Discourse Climate (context),Ambient — Anti-AI,false
antiAI,2025-11,2326,4,T4 — Ambient / Discourse Climate (context),Ambient — Anti-AI,false
antiAI,2025-12,3780,4,T4 — Ambient / Discourse Climate (context),Ambient — Anti-AI,false
antiAI,2026-01,3929,4,T4 — Ambient / Discourse Climate (context),Ambient — Anti-AI,false
antiAI,2026-02,4096,4,T4 — Ambient / Discourse Climate (context),Ambient — Anti-AI,false
antiAI,2026-03,3868,4,T4 — Ambient / Discourse Climate (context),Ambient — Anti-AI,false
antiAI,2026-04,3912,4,T4 — Ambient / Discourse Climate (context),Ambient — Anti-AI,false
antiAI,2026-05,4177,4,T4 — Ambient / Discourse Climate (context),Ambient — Anti-AI,false
antiAI,2026-06,4638,4,T4 — Ambient / Discourse Climate (context),Ambient — Anti-AI,false
antiAI,2026-07,4946,4,T4 — Ambient / Discourse Climate (context),Ambient — Anti-AI,false
antiAI,2026-08,6657,4,T4 — Ambient / Discourse Climate (context),Ambient — Anti-AI,false
ArtistHate,2023-01,67,4,T4 — Ambient / Discourse Climate (context),Ambient — Anti-AI,false
ArtistHate,2023-02,79,4,T4 — Ambient / Discourse Climate (context),Ambient — Anti-AI,false
ArtistHate,2023-03,128,4,T4 — Ambient / Discourse Climate (context),Ambient — Anti-AI,false
ArtistHate,2023-04,132,4,T4 — Ambient / Discourse Climate (context),Ambient — Anti-AI,false
ArtistHate,2023-05,177,4,T4 — Ambient / Discourse Climate (context),Ambient — Anti-AI,false
ArtistHate,2023-06,152,4,T4 — Ambient / Discourse Climate (context),Ambient — Anti-AI,false
ArtistHate,2023-07,192,4,T4 — Ambient / Discourse Climate (context),Ambient — Anti-AI,false
ArtistHate,2023-08,219,4,T4 — Ambient / Discourse Climate (context),Ambient — Anti-AI,false
ArtistHate,2023-09,243,4,T4 — Ambient / Discourse Climate (context),Ambient — Anti-AI,false
ArtistHate,2023-10,353,4,T4 — Ambient / Discourse Climate (context),Ambient — Anti-AI,false
ArtistHate,2023-11,362,4,T4 — Ambient / Discourse Climate (context),Ambient — Anti-AI,false
ArtistHate,2023-12,315,4,T4 — Ambient / Discourse Climate (context),Ambient — Anti-AI,false
ArtistHate,2024-01,438,4,T4 — Ambient / Discourse Climate (context),Ambient — Anti-AI,false
ArtistHate,2024-02,462,4,T4 — Ambient / Discourse Climate (context),Ambient — Anti-AI,false
ArtistHate,2024-03,417,4,T4 — Ambient / Discourse Climate (context),Ambient — Anti-AI,false
ArtistHate,2024-04,364,4,T4 — Ambient / Discourse Climate (context),Ambient — Anti-AI,false
ArtistHate,2024-05,422,4,T4 — Ambient / Discourse Climate (context),Ambient — Anti-AI,false
ArtistHate,2024-06,450,4,T4 — Ambient / Discourse Climate (context),Ambient — Anti-AI,false
ArtistHate,2024-07,511,4,T4 — Ambient / Discourse Climate (context),Ambient — Anti-AI,false
ArtistHate,2024-08,525,4,T4 — Ambient / Discourse Climate (context),Ambient — Anti-AI,false
ArtistHate,2024-09,653,4,T4 — Ambient / Discourse Climate (context),Ambient — Anti-AI,false
ArtistHate,2024-10,634,4,T4 — Ambient / Discourse Climate (context),Ambient — Anti-AI,false
ArtistHate,2024-11,573,4,T4 — Ambient / Discourse Climate (context),Ambient — Anti-AI,false
ArtistHate,2024-12,572,4,T4 — Ambient / Discourse Climate (context),Ambient — Anti-AI,false
ArtistHate,2025-01,644,4,T4 — Ambient / Discourse Climate (context),Ambient — Anti-AI,false
ArtistHate,2025-02,501,4,T4 — Ambient / Discourse Climate (context),Ambient — Anti-AI,false
ArtistHate,2025-03,856,4,T4 — Ambient / Discourse Climate (context),Ambient — Anti-AI,false
ArtistHate,2025-04,1136,4,T4 — Ambient / Discourse Climate (context),Ambient — Anti-AI,false
ArtistHate,2025-05,1009,4,T4 — Ambient / Discourse Climate (context),Ambient — Anti-AI,false
ArtistHate,2025-06,698,4,T4 — Ambient / Discourse Climate (context),Ambient — Anti-AI,false
ArtistHate,2025-07,675,4,T4 — Ambient / Discourse Climate (context),Ambient — Anti-AI,false
ArtistHate,2025-08,483,4,T4 — Ambient / Discourse Climate (context),Ambient — Anti-AI,false
ArtistHate,2025-09,378,4,T4 — Ambient / Discourse Climate (context),Ambient — Anti-AI,false
ArtistHate,2025-10,442,4,T4 — Ambient / Discourse Climate (context),Ambient — Anti-AI,false
ArtistHate,2025-11,367,4,T4 — Ambient / Discourse Climate (context),Ambient — Anti-AI,false
ArtistHate,2025-12,350,4,T4 — Ambient / Discourse Climate (context),Ambient — Anti-AI,false
ArtistHate,2026-01,279,4,T4 — Ambient / Discourse Climate (context),Ambient — Anti-AI,false
ArtistHate,2026-02,255,4,T4 — Ambient / Discourse Climate (context),Ambient — Anti-AI,false
ArtistHate,2026-03,234,4,T4 — Ambient / Discourse Climate (context),Ambient — Anti-AI,false
ArtistHate,2026-04,174,4,T4 — Ambient / Discourse Climate (context),Ambient — Anti-AI,false
ArtistHate,2026-05,172,4,T4 — Ambient / Discourse Climate (context),Ambient — Anti-AI,false
ArtistHate,2026-06,156,4,T4 — Ambient / Discourse Climate (context),Ambient — Anti-AI,false
ArtistHate,2026-07,183,4,T4 — Ambient / Discourse Climate (context),Ambient — Anti-AI,false
ArtistHate,2026-08,189,4,T4 — Ambient / Discourse Climate (context),Ambient — Anti-AI,false
BetterOffline,2023-01,0,4,T4 — Ambient / Discourse Climate (context),Ambient — Anti-AI,false
BetterOffline,2023-02,0,4,T4 — Ambient / Discourse Climate (context),Ambient — Anti-AI,false
BetterOffline,2023-03,0,4,T4 — Ambient / Discourse Climate (context),Ambient — Anti-AI,false
BetterOffline,2023-04,0,4,T4 — Ambient / Discourse Climate (context),Ambient — Anti-AI,false
BetterOffline,2023-05,0,4,T4 — Ambient / Discourse Climate (context),Ambient — Anti-AI,false
BetterOffline,2023-06,0,4,T4 — Ambient / Discourse Climate (context),Ambient — Anti-AI,false
BetterOffline,2023-07,0,4,T4 — Ambient / Discourse Climate (context),Ambient — Anti-AI,false
BetterOffline,2023-08,0,4,T4 — Ambient / Discourse Climate (context),Ambient — Anti-AI,false
BetterOffline,2023-09,0,4,T4 — Ambient / Discourse Climate (context),Ambient — Anti-AI,false
BetterOffline,2023-10,0,4,T4 — Ambient / Discourse Climate (context),Ambient — Anti-AI,false
BetterOffline,2023-11,0,4,T4 — Ambient / Discourse Climate (context),Ambient — Anti-AI,false
BetterOffline,2023-12,0,4,T4 — Ambient / Discourse Climate (context),Ambient — Anti-AI,false
BetterOffline,2024-01,0,4,T4 — Ambient / Discourse Climate (context),Ambient — Anti-AI,false
BetterOffline,2024-02,3,4,T4 — Ambient / Discourse Climate (context),Ambient — Anti-AI,false
BetterOffline,2024-03,4,4,T4 — Ambient / Discourse Climate (context),Ambient — Anti-AI,false
BetterOffline,2024-04,10,4,T4 — Ambient / Discourse Climate (context),Ambient — Anti-AI,false
BetterOffline,2024-05,21,4,T4 — Ambient / Discourse Climate (context),Ambient — Anti-AI,false
BetterOffline,2024-06,50,4,T4 — Ambient / Discourse Climate (context),Ambient — Anti-AI,false
BetterOffline,2024-07,76,4,T4 — Ambient / Discourse Climate (context),Ambient — Anti-AI,false
BetterOffline,2024-08,134,4,T4 — Ambient / Discourse Climate (context),Ambient — Anti-AI,false
BetterOffline,2024-09,95,4,T4 — Ambient / Discourse Climate (context),Ambient — Anti-AI,false
BetterOffline,2024-10,83,4,T4 — Ambient / Discourse Climate (context),Ambient — Anti-AI,false
BetterOffline,2024-11,48,4,T4 — Ambient / Discourse Climate (context),Ambient — Anti-AI,false
BetterOffline,2024-12,94,4,T4 — Ambient / Discourse Climate (context),Ambient — Anti-AI,false
BetterOffline,2025-01,229,4,T4 — Ambient / Discourse Climate (context),Ambient — Anti-AI,false
BetterOffline,2025-02,149,4,T4 — Ambient / Discourse Climate (context),Ambient — Anti-AI,false
BetterOffline,2025-03,171,4,T4 — Ambient / Discourse Climate (context),Ambient — Anti-AI,false
BetterOffline,2025-04,195,4,T4 — Ambient / Discourse Climate (context),Ambient — Anti-AI,false
BetterOffline,2025-05,258,4,T4 — Ambient / Discourse Climate (context),Ambient — Anti-AI,false
BetterOffline,2025-06,303,4,T4 — Ambient / Discourse Climate (context),Ambient — Anti-AI,false
BetterOffline,2025-07,375,4,T4 — Ambient / Discourse Climate (context),Ambient — Anti-AI,false
BetterOffline,2025-08,639,4,T4 — Ambient / Discourse Climate (context),Ambient — Anti-AI,false
BetterOffline,2025-09,541,4,T4 — Ambient / Discourse Climate (context),Ambient — Anti-AI,false
BetterOffline,2025-10,777,4,T4 — Ambient / Discourse Climate (context),Ambient — Anti-AI,false
BetterOffline,2025-11,629,4,T4 — Ambient / Discourse Climate (context),Ambient — Anti-AI,false
BetterOffline,2025-12,512,4,T4 — Ambient / Discourse Climate (context),Ambient — Anti-AI,false
BetterOffline,2026-01,575,4,T4 — Ambient / Discourse Climate (context),Ambient — Anti-AI,false
BetterOffline,2026-02,837,4,T4 — Ambient / Discourse Climate (context),Ambient — Anti-AI,false
BetterOffline,2026-03,720,4,T4 — Ambient / Discourse Climate (context),Ambient — Anti-AI,false
BetterOffline,2026-04,722,4,T4 — Ambient / Discourse Climate (context),Ambient — Anti-AI,false
BetterOffline,2026-05,577,4,T4 — Ambient / Discourse Climate (context),Ambient — Anti-AI,false
BetterOffline,2026-06,709,4,T4 — Ambient / Discourse Climate (context),Ambient — Anti-AI,false
BetterOffline,2026-07,549,4,T4 — Ambient / Discourse Climate (context),Ambient — Anti-AI,false
BetterOffline,2026-08,579,4,T4 — Ambient / Discourse Climate (context),Ambient — Anti-AI,false
BeyondThePromptAI,2023-01,0,1,T1 — Primary Companionship,Primary Companionship,true
BeyondThePromptAI,2023-02,0,1,T1 — Primary Companionship,Primary Companionship,true
BeyondThePromptAI,2023-03,0,1,T1 — Primary Companionship,Primary Companionship,true
BeyondThePromptAI,2023-04,0,1,T1 — Primary Companionship,Primary Companionship,true
BeyondThePromptAI,2023-05,0,1,T1 — Primary Companionship,Primary Companionship,true
BeyondThePromptAI,2023-06,0,1,T1 — Primary Companionship,Primary Companionship,true
BeyondThePromptAI,2023-07,0,1,T1 — Primary Companionship,Primary Companionship,true
BeyondThePromptAI,2023-08,0,1,T1 — Primary Companionship,Primary Companionship,true
BeyondThePromptAI,2023-09,0,1,T1 — Primary Companionship,Primary Companionship,true
BeyondThePromptAI,2023-10,0,1,T1 — Primary Companionship,Primary Companionship,true
BeyondThePromptAI,2023-11,0,1,T1 — Primary Companionship,Primary Companionship,true
BeyondThePromptAI,2023-12,0,1,T1 — Primary Companionship,Primary Companionship,true
BeyondThePromptAI,2024-01,0,1,T1 — Primary Companionship,Primary Companionship,true
BeyondThePromptAI,2024-02,0,1,T1 — Primary Companionship,Primary Companionship,true
BeyondThePromptAI,2024-03,0,1,T1 — Primary Companionship,Primary Companionship,true
BeyondThePromptAI,2024-04,0,1,T1 — Primary Companionship,Primary Companionship,true
BeyondThePromptAI,2024-05,0,1,T1 — Primary Companionship,Primary Companionship,true
BeyondThePromptAI,2024-06,0,1,T1 — Primary Companionship,Primary Companionship,true
BeyondThePromptAI,2024-07,0,1,T1 — Primary Companionship,Primary Companionship,true
BeyondThePromptAI,2024-08,0,1,T1 — Primary Companionship,Primary Companionship,true
BeyondThePromptAI,2024-09,0,1,T1 — Primary Companionship,Primary Companionship,true
BeyondThePromptAI,2024-10,0,1,T1 — Primary Companionship,Primary Companionship,true
BeyondThePromptAI,2024-11,0,1,T1 — Primary Companionship,Primary Companionship,true
BeyondThePromptAI,2024-12,0,1,T1 — Primary Companionship,Primary Companionship,true
BeyondThePromptAI,2025-01,0,1,T1 — Primary Companionship,Primary Companionship,true
BeyondThePromptAI,2025-02,0,1,T1 — Primary Companionship,Primary Companionship,true
BeyondThePromptAI,2025-03,0,1,T1 — Primary Companionship,Primary Companionship,true
BeyondThePromptAI,2025-04,3,1,T1 — Primary Companionship,Primary Companionship,true
BeyondThePromptAI,2025-05,2,1,T1 — Primary Companionship,Primary Companionship,true
BeyondThePromptAI,2025-06,101,1,T1 — Primary Companionship,Primary Companionship,true
BeyondThePromptAI,2025-07,274,1,T1 — Primary Companionship,Primary Companionship,true
BeyondThePromptAI,2025-08,440,1,T1 — Primary Companionship,Primary Companionship,true
BeyondThePromptAI,2025-09,226,1,T1 — Primary Companionship,Primary Companionship,true
BeyondThePromptAI,2025-10,219,1,T1 — Primary Companionship,Primary Companionship,true
BeyondThePromptAI,2025-11,237,1,T1 — Primary Companionship,Primary Companionship,true
BeyondThePromptAI,2025-12,178,1,T1 — Primary Companionship,Primary Companionship,true
BeyondThePromptAI,2026-01,218,1,T1 — Primary Companionship,Primary Companionship,true
BeyondThePromptAI,2026-02,252,1,T1 — Primary Companionship,Primary Companionship,true
BeyondThePromptAI,2026-03,137,1,T1 — Primary Companionship,Primary Companionship,true
BeyondThePromptAI,2026-04,109,1,T1 — Primary Companionship,Primary Companionship,true
BeyondThePromptAI,2026-05,129,1,T1 — Primary Companionship,Primary Companionship,true
BeyondThePromptAI,2026-06,120,1,T1 — Primary Companionship,Primary Companionship,true
BeyondThePromptAI,2026-07,121,1,T1 — Primary Companionship,Primary Companionship,true
BeyondThePromptAI,2026-08,89,1,T1 — Primary Companionship,Primary Companionship,true
ChaiApp,2023-01,67,2,T2 — Platform-Specific,Platform-Specific,true
ChaiApp,2023-02,507,2,T2 — Platform-Specific,Platform-Specific,true
ChaiApp,2023-03,523,2,T2 — Platform-Specific,Platform-Specific,true
ChaiApp,2023-04,677,2,T2 — Platform-Specific,Platform-Specific,true
ChaiApp,2023-05,670,2,T2 — Platform-Specific,Platform-Specific,true
ChaiApp,2023-06,435,2,T2 — Platform-Specific,Platform-Specific,true
ChaiApp,2023-07,447,2,T2 — Platform-Specific,Platform-Specific,true
ChaiApp,2023-08,275,2,T2 — Platform-Specific,Platform-Specific,true
ChaiApp,2023-09,104,2,T2 — Platform-Specific,Platform-Specific,true
ChaiApp,2023-10,183,2,T2 — Platform-Specific,Platform-Specific,true
ChaiApp,2023-11,150,2,T2 — Platform-Specific,Platform-Specific,true
ChaiApp,2023-12,152,2,T2 — Platform-Specific,Platform-Specific,true
ChaiApp,2024-01,154,2,T2 — Platform-Specific,Platform-Specific,true
ChaiApp,2024-02,181,2,T2 — Platform-Specific,Platform-Specific,true
ChaiApp,2024-03,162,2,T2 — Platform-Specific,Platform-Specific,true
ChaiApp,2024-04,170,2,T2 — Platform-Specific,Platform-Specific,true
ChaiApp,2024-05,152,2,T2 — Platform-Specific,Platform-Specific,true
ChaiApp,2024-06,149,2,T2 — Platform-Specific,Platform-Specific,true
ChaiApp,2024-07,135,2,T2 — Platform-Specific,Platform-Specific,true
ChaiApp,2024-08,163,2,T2 — Platform-Specific,Platform-Specific,true
ChaiApp,2024-09,346,2,T2 — Platform-Specific,Platform-Specific,true
ChaiApp,2024-10,242,2,T2 — Platform-Specific,Platform-Specific,true
ChaiApp,2024-11,329,2,T2 — Platform-Specific,Platform-Specific,true
ChaiApp,2024-12,585,2,T2 — Platform-Specific,Platform-Specific,true
ChaiApp,2025-01,621,2,T2 — Platform-Specific,Platform-Specific,true
ChaiApp,2025-02,473,2,T2 — Platform-Specific,Platform-Specific,true
ChaiApp,2025-03,383,2,T2 — Platform-Specific,Platform-Specific,true
ChaiApp,2025-04,192,2,T2 — Platform-Specific,Platform-Specific,true
ChaiApp,2025-05,177,2,T2 — Platform-Specific,Platform-Specific,true
ChaiApp,2025-06,187,2,T2 — Platform-Specific,Platform-Specific,true
ChaiApp,2025-07,236,2,T2 — Platform-Specific,Platform-Specific,true
ChaiApp,2025-08,145,2,T2 — Platform-Specific,Platform-Specific,true
ChaiApp,2025-09,145,2,T2 — Platform-Specific,Platform-Specific,true
ChaiApp,2025-10,175,2,T2 — Platform-Specific,Platform-Specific,true
ChaiApp,2025-11,163,2,T2 — Platform-Specific,Platform-Specific,true
ChaiApp,2025-12,92,2,T2 — Platform-Specific,Platform-Specific,true
ChaiApp,2026-01,479,2,T2 — Platform-Specific,Platform-Specific,true
ChaiApp,2026-02,968,2,T2 — Platform-Specific,Platform-Specific,true
ChaiApp,2026-03,721,2,T2 — Platform-Specific,Platform-Specific,true
ChaiApp,2026-04,757,2,T2 — Platform-Specific,Platform-Specific,true
ChaiApp,2026-05,366,2,T2 — Platform-Specific,Platform-Specific,true
ChaiApp,2026-06,401,2,T2 — Platform-Specific,Platform-Specific,true
ChaiApp,2026-07,282,2,T2 — Platform-Specific,Platform-Specific,true
ChaiApp,2026-08,319,2,T2 — Platform-Specific,Platform-Specific,true
Character_AI_Recovery,2023-01,0,3,T3 — Recovery & Dependency,Recovery & Dependency,true
Character_AI_Recovery,2023-02,0,3,T3 — Recovery & Dependency,Recovery & Dependency,true
Character_AI_Recovery,2023-03,0,3,T3 — Recovery & Dependency,Recovery & Dependency,true
Character_AI_Recovery,2023-04,0,3,T3 — Recovery & Dependency,Recovery & Dependency,true
Character_AI_Recovery,2023-05,0,3,T3 — Recovery & Dependency,Recovery & Dependency,true
Character_AI_Recovery,2023-06,0,3,T3 — Recovery & Dependency,Recovery & Dependency,true
Character_AI_Recovery,2023-07,0,3,T3 — Recovery & Dependency,Recovery & Dependency,true
Character_AI_Recovery,2023-08,0,3,T3 — Recovery & Dependency,Recovery & Dependency,true
Character_AI_Recovery,2023-09,0,3,T3 — Recovery & Dependency,Recovery & Dependency,true
Character_AI_Recovery,2023-10,0,3,T3 — Recovery & Dependency,Recovery & Dependency,true
Character_AI_Recovery,2023-11,0,3,T3 — Recovery & Dependency,Recovery & Dependency,true
Character_AI_Recovery,2023-12,3,3,T3 — Recovery & Dependency,Recovery & Dependency,true
Character_AI_Recovery,2024-01,7,3,T3 — Recovery & Dependency,Recovery & Dependency,true
Character_AI_Recovery,2024-02,2,3,T3 — Recovery & Dependency,Recovery & Dependency,true
Character_AI_Recovery,2024-03,2,3,T3 — Recovery & Dependency,Recovery & Dependency,true
Character_AI_Recovery,2024-04,2,3,T3 — Recovery & Dependency,Recovery & Dependency,true
Character_AI_Recovery,2024-05,2,3,T3 — Recovery & Dependency,Recovery & Dependency,true
Character_AI_Recovery,2024-06,5,3,T3 — Recovery & Dependency,Recovery & Dependency,true
Character_AI_Recovery,2024-07,8,3,T3 — Recovery & Dependency,Recovery & Dependency,true
Character_AI_Recovery,2024-08,7,3,T3 — Recovery & Dependency,Recovery & Dependency,true
Character_AI_Recovery,2024-09,35,3,T3 — Recovery & Dependency,Recovery & Dependency,true
Character_AI_Recovery,2024-10,150,3,T3 — Recovery & Dependency,Recovery & Dependency,true
Character_AI_Recovery,2024-11,71,3,T3 — Recovery & Dependency,Recovery & Dependency,true
Character_AI_Recovery,2024-12,53,3,T3 — Recovery & Dependency,Recovery & Dependency,true
Character_AI_Recovery,2025-01,48,3,T3 — Recovery & Dependency,Recovery & Dependency,true
Character_AI_Recovery,2025-02,47,3,T3 — Recovery & Dependency,Recovery & Dependency,true
Character_AI_Recovery,2025-03,111,3,T3 — Recovery & Dependency,Recovery & Dependency,true
Character_AI_Recovery,2025-04,142,3,T3 — Recovery & Dependency,Recovery & Dependency,true
Character_AI_Recovery,2025-05,133,3,T3 — Recovery & Dependency,Recovery & Dependency,true
Character_AI_Recovery,2025-06,157,3,T3 — Recovery & Dependency,Recovery & Dependency,true
Character_AI_Recovery,2025-07,162,3,T3 — Recovery & Dependency,Recovery & Dependency,true
Character_AI_Recovery,2025-08,221,3,T3 — Recovery & Dependency,Recovery & Dependency,true
Character_AI_Recovery,2025-09,201,3,T3 — Recovery & Dependency,Recovery & Dependency,true
Character_AI_Recovery,2025-10,228,3,T3 — Recovery & Dependency,Recovery & Dependency,true
Character_AI_Recovery,2025-11,247,3,T3 — Recovery & Dependency,Recovery & Dependency,true
Character_AI_Recovery,2025-12,246,3,T3 — Recovery & Dependency,Recovery & Dependency,true
Character_AI_Recovery,2026-01,313,3,T3 — Recovery & Dependency,Recovery & Dependency,true
Character_AI_Recovery,2026-02,275,3,T3 — Recovery & Dependency,Recovery & Dependency,true
Character_AI_Recovery,2026-03,313,3,T3 — Recovery & Dependency,Recovery & Dependency,true
Character_AI_Recovery,2026-04,308,3,T3 — Recovery & Dependency,Recovery & Dependency,true
Character_AI_Recovery,2026-05,338,3,T3 — Recovery & Dependency,Recovery & Dependency,true
Character_AI_Recovery,2026-06,262,3,T3 — Recovery & Dependency,Recovery & Dependency,true
Character_AI_Recovery,2026-07,349,3,T3 — Recovery & Dependency,Recovery & Dependency,true
Character_AI_Recovery,2026-08,371,3,T3 — Recovery & Dependency,Recovery & Dependency,true
CharacterAI,2023-01,7664,1,T1 — Primary Companionship,Primary Companionship,true
CharacterAI,2023-02,4319,1,T1 — Primary Companionship,Primary Companionship,true
CharacterAI,2023-03,4423,1,T1 — Primary Companionship,Primary Companionship,true
CharacterAI,2023-04,9099,1,T1 — Primary Companionship,Primary Companionship,true
CharacterAI,2023-05,16599,1,T1 — Primary Companionship,Primary Companionship,true
CharacterAI,2023-06,13056,1,T1 — Primary Companionship,Primary Companionship,true
CharacterAI,2023-07,26455,1,T1 — Primary Companionship,Primary Companionship,true
CharacterAI,2023-08,18498,1,T1 — Primary Companionship,Primary Companionship,true
CharacterAI,2023-09,12274,1,T1 — Primary Companionship,Primary Companionship,true
CharacterAI,2023-10,14689,1,T1 — Primary Companionship,Primary Companionship,true
CharacterAI,2023-11,18923,1,T1 — Primary Companionship,Primary Companionship,true
CharacterAI,2023-12,19988,1,T1 — Primary Companionship,Primary Companionship,true
CharacterAI,2024-01,12688,1,T1 — Primary Companionship,Primary Companionship,true
CharacterAI,2024-02,9384,1,T1 — Primary Companionship,Primary Companionship,true
CharacterAI,2024-03,14040,1,T1 — Primary Companionship,Primary Companionship,true
CharacterAI,2024-04,13786,1,T1 — Primary Companionship,Primary Companionship,true
CharacterAI,2024-05,13744,1,T1 — Primary Companionship,Primary Companionship,true
CharacterAI,2024-06,33836,1,T1 — Primary Companionship,Primary Companionship,true
CharacterAI,2024-07,18433,1,T1 — Primary Companionship,Primary Companionship,true
CharacterAI,2024-08,26006,1,T1 — Primary Companionship,Primary Companionship,true
CharacterAI,2024-09,20940,1,T1 — Primary Companionship,Primary Companionship,true
CharacterAI,2024-10,17536,1,T1 — Primary Companionship,Primary Companionship,true
CharacterAI,2024-11,19166,1,T1 — Primary Companionship,Primary Companionship,true
CharacterAI,2024-12,22036,1,T1 — Primary Companionship,Primary Companionship,true
CharacterAI,2025-01,22382,1,T1 — Primary Companionship,Primary Companionship,true
CharacterAI,2025-02,12176,1,T1 — Primary Companionship,Primary Companionship,true
CharacterAI,2025-03,11965,1,T1 — Primary Companionship,Primary Companionship,true
CharacterAI,2025-04,15519,1,T1 — Primary Companionship,Primary Companionship,true
CharacterAI,2025-05,11512,1,T1 — Primary Companionship,Primary Companionship,true
CharacterAI,2025-06,14967,1,T1 — Primary Companionship,Primary Companionship,true
CharacterAI,2025-07,15312,1,T1 — Primary Companionship,Primary Companionship,true
CharacterAI,2025-08,12311,1,T1 — Primary Companionship,Primary Companionship,true
CharacterAI,2025-09,9054,1,T1 — Primary Companionship,Primary Companionship,true
CharacterAI,2025-10,10491,1,T1 — Primary Companionship,Primary Companionship,true
CharacterAI,2025-11,7979,1,T1 — Primary Companionship,Primary Companionship,true
CharacterAI,2025-12,7350,1,T1 — Primary Companionship,Primary Companionship,true
CharacterAI,2026-01,6556,1,T1 — Primary Companionship,Primary Companionship,true
CharacterAI,2026-02,9012,1,T1 — Primary Companionship,Primary Companionship,true
CharacterAI,2026-03,8743,1,T1 — Primary Companionship,Primary Companionship,true
CharacterAI,2026-04,7164,1,T1 — Primary Companionship,Primary Companionship,true
CharacterAI,2026-05,10420,1,T1 — Primary Companionship,Primary Companionship,true
CharacterAI,2026-06,6655,1,T1 — Primary Companionship,Primary Companionship,true
CharacterAI,2026-07,3833,1,T1 — Primary Companionship,Primary Companionship,true
CharacterAI,2026-08,4739,1,T1 — Primary Companionship,Primary Companionship,true
CharacterAIrunaways,2023-01,0,3,T3 — Recovery & Dependency,Recovery & Dependency,true
CharacterAIrunaways,2023-02,0,3,T3 — Recovery & Dependency,Recovery & Dependency,true
CharacterAIrunaways,2023-03,0,3,T3 — Recovery & Dependency,Recovery & Dependency,true
CharacterAIrunaways,2023-04,0,3,T3 — Recovery & Dependency,Recovery & Dependency,true
CharacterAIrunaways,2023-05,0,3,T3 — Recovery & Dependency,Recovery & Dependency,true
CharacterAIrunaways,2023-06,0,3,T3 — Recovery & Dependency,Recovery & Dependency,true
CharacterAIrunaways,2023-07,0,3,T3 — Recovery & Dependency,Recovery & Dependency,true
CharacterAIrunaways,2023-08,0,3,T3 — Recovery & Dependency,Recovery & Dependency,true
CharacterAIrunaways,2023-09,0,3,T3 — Recovery & Dependency,Recovery & Dependency,true
CharacterAIrunaways,2023-10,0,3,T3 — Recovery & Dependency,Recovery & Dependency,true
CharacterAIrunaways,2023-11,0,3,T3 — Recovery & Dependency,Recovery & Dependency,true
CharacterAIrunaways,2023-12,0,3,T3 — Recovery & Dependency,Recovery & Dependency,true
CharacterAIrunaways,2024-01,0,3,T3 — Recovery & Dependency,Recovery & Dependency,true
CharacterAIrunaways,2024-02,0,3,T3 — Recovery & Dependency,Recovery & Dependency,true
CharacterAIrunaways,2024-03,0,3,T3 — Recovery & Dependency,Recovery & Dependency,true
CharacterAIrunaways,2024-04,0,3,T3 — Recovery & Dependency,Recovery & Dependency,true
CharacterAIrunaways,2024-05,0,3,T3 — Recovery & Dependency,Recovery & Dependency,true
CharacterAIrunaways,2024-06,0,3,T3 — Recovery & Dependency,Recovery & Dependency,true
CharacterAIrunaways,2024-07,0,3,T3 — Recovery & Dependency,Recovery & Dependency,true
CharacterAIrunaways,2024-08,0,3,T3 — Recovery & Dependency,Recovery & Dependency,true
CharacterAIrunaways,2024-09,209,3,T3 — Recovery & Dependency,Recovery & Dependency,true
CharacterAIrunaways,2024-10,300,3,T3 — Recovery & Dependency,Recovery & Dependency,true
CharacterAIrunaways,2024-11,227,3,T3 — Recovery & Dependency,Recovery & Dependency,true
CharacterAIrunaways,2024-12,151,3,T3 — Recovery & Dependency,Recovery & Dependency,true
CharacterAIrunaways,2025-01,93,3,T3 — Recovery & Dependency,Recovery & Dependency,true
CharacterAIrunaways,2025-02,55,3,T3 — Recovery & Dependency,Recovery & Dependency,true
CharacterAIrunaways,2025-03,96,3,T3 — Recovery & Dependency,Recovery & Dependency,true
CharacterAIrunaways,2025-04,70,3,T3 — Recovery & Dependency,Recovery & Dependency,true
CharacterAIrunaways,2025-05,77,3,T3 — Recovery & Dependency,Recovery & Dependency,true
CharacterAIrunaways,2025-06,69,3,T3 — Recovery & Dependency,Recovery & Dependency,true
CharacterAIrunaways,2025-07,94,3,T3 — Recovery & Dependency,Recovery & Dependency,true
CharacterAIrunaways,2025-08,108,3,T3 — Recovery & Dependency,Recovery & Dependency,true
CharacterAIrunaways,2025-09,130,3,T3 — Recovery & Dependency,Recovery & Dependency,true
CharacterAIrunaways,2025-10,128,3,T3 — Recovery & Dependency,Recovery & Dependency,true
CharacterAIrunaways,2025-11,171,3,T3 — Recovery & Dependency,Recovery & Dependency,true
CharacterAIrunaways,2025-12,173,3,T3 — Recovery & Dependency,Recovery & Dependency,true
CharacterAIrunaways,2026-01,117,3,T3 — Recovery & Dependency,Recovery & Dependency,true
CharacterAIrunaways,2026-02,91,3,T3 — Recovery & Dependency,Recovery & Dependency,true
CharacterAIrunaways,2026-03,234,3,T3 — Recovery & Dependency,Recovery & Dependency,true
CharacterAIrunaways,2026-04,178,3,T3 — Recovery & Dependency,Recovery & Dependency,true
CharacterAIrunaways,2026-05,222,3,T3 — Recovery & Dependency,Recovery & Dependency,true
CharacterAIrunaways,2026-06,200,3,T3 — Recovery & Dependency,Recovery & Dependency,true
CharacterAIrunaways,2026-07,175,3,T3 — Recovery & Dependency,Recovery & Dependency,true
CharacterAIrunaways,2026-08,119,3,T3 — Recovery & Dependency,Recovery & Dependency,true
ChatbotAddiction,2023-01,0,3,T3 — Recovery & Dependency,Recovery & Dependency,true
ChatbotAddiction,2023-02,0,3,T3 — Recovery & Dependency,Recovery & Dependency,true
ChatbotAddiction,2023-03,0,3,T3 — Recovery & Dependency,Recovery & Dependency,true
ChatbotAddiction,2023-04,0,3,T3 — Recovery & Dependency,Recovery & Dependency,true
ChatbotAddiction,2023-05,0,3,T3 — Recovery & Dependency,Recovery & Dependency,true
ChatbotAddiction,2023-06,0,3,T3 — Recovery & Dependency,Recovery & Dependency,true
ChatbotAddiction,2023-07,0,3,T3 — Recovery & Dependency,Recovery & Dependency,true
ChatbotAddiction,2023-08,0,3,T3 — Recovery & Dependency,Recovery & Dependency,true
ChatbotAddiction,2023-09,0,3,T3 — Recovery & Dependency,Recovery & Dependency,true
ChatbotAddiction,2023-10,0,3,T3 — Recovery & Dependency,Recovery & Dependency,true
ChatbotAddiction,2023-11,5,3,T3 — Recovery & Dependency,Recovery & Dependency,true
ChatbotAddiction,2023-12,3,3,T3 — Recovery & Dependency,Recovery & Dependency,true
ChatbotAddiction,2024-01,4,3,T3 — Recovery & Dependency,Recovery & Dependency,true
ChatbotAddiction,2024-02,1,3,T3 — Recovery & Dependency,Recovery & Dependency,true
ChatbotAddiction,2024-03,2,3,T3 — Recovery & Dependency,Recovery & Dependency,true
ChatbotAddiction,2024-04,1,3,T3 — Recovery & Dependency,Recovery & Dependency,true
ChatbotAddiction,2024-05,1,3,T3 — Recovery & Dependency,Recovery & Dependency,true
ChatbotAddiction,2024-06,4,3,T3 — Recovery & Dependency,Recovery & Dependency,true
ChatbotAddiction,2024-07,1,3,T3 — Recovery & Dependency,Recovery & Dependency,true
ChatbotAddiction,2024-08,21,3,T3 — Recovery & Dependency,Recovery & Dependency,true
ChatbotAddiction,2024-09,14,3,T3 — Recovery & Dependency,Recovery & Dependency,true
ChatbotAddiction,2024-10,16,3,T3 — Recovery & Dependency,Recovery & Dependency,true
ChatbotAddiction,2024-11,42,3,T3 — Recovery & Dependency,Recovery & Dependency,true
ChatbotAddiction,2024-12,72,3,T3 — Recovery & Dependency,Recovery & Dependency,true
ChatbotAddiction,2025-01,44,3,T3 — Recovery & Dependency,Recovery & Dependency,true
ChatbotAddiction,2025-02,22,3,T3 — Recovery & Dependency,Recovery & Dependency,true
ChatbotAddiction,2025-03,18,3,T3 — Recovery & Dependency,Recovery & Dependency,true
ChatbotAddiction,2025-04,10,3,T3 — Recovery & Dependency,Recovery & Dependency,true
ChatbotAddiction,2025-05,13,3,T3 — Recovery & Dependency,Recovery & Dependency,true
ChatbotAddiction,2025-06,19,3,T3 — Recovery & Dependency,Recovery & Dependency,true
ChatbotAddiction,2025-07,27,3,T3 — Recovery & Dependency,Recovery & Dependency,true
ChatbotAddiction,2025-08,44,3,T3 — Recovery & Dependency,Recovery & Dependency,true
ChatbotAddiction,2025-09,55,3,T3 — Recovery & Dependency,Recovery & Dependency,true
ChatbotAddiction,2025-10,69,3,T3 — Recovery & Dependency,Recovery & Dependency,true
ChatbotAddiction,2025-11,39,3,T3 — Recovery & Dependency,Recovery & Dependency,true
ChatbotAddiction,2025-12,37,3,T3 — Recovery & Dependency,Recovery & Dependency,true
ChatbotAddiction,2026-01,80,3,T3 — Recovery & Dependency,Recovery & Dependency,true
ChatbotAddiction,2026-02,67,3,T3 — Recovery & Dependency,Recovery & Dependency,true
ChatbotAddiction,2026-03,100,3,T3 — Recovery & Dependency,Recovery & Dependency,true
ChatbotAddiction,2026-04,66,3,T3 — Recovery & Dependency,Recovery & Dependency,true
ChatbotAddiction,2026-05,74,3,T3 — Recovery & Dependency,Recovery & Dependency,true
ChatbotAddiction,2026-06,86,3,T3 — Recovery & Dependency,Recovery & Dependency,true
ChatbotAddiction,2026-07,111,3,T3 — Recovery & Dependency,Recovery & Dependency,true
ChatbotAddiction,2026-08,94,3,T3 — Recovery & Dependency,Recovery & Dependency,true
ChatGPT,2023-01,8275,0,T0 — General AI (context),General AI,false
ChatGPT,2023-02,12445,0,T0 — General AI (context),General AI,false
ChatGPT,2023-03,15445,0,T0 — General AI (context),General AI,false
ChatGPT,2023-04,13467,0,T0 — General AI (context),General AI,false
ChatGPT,2023-05,10893,0,T0 — General AI (context),General AI,false
ChatGPT,2023-06,6884,0,T0 — General AI (context),General AI,false
ChatGPT,2023-07,8565,0,T0 — General AI (context),General AI,false
ChatGPT,2023-08,8207,0,T0 — General AI (context),General AI,false
ChatGPT,2023-09,6485,0,T0 — General AI (context),General AI,false
ChatGPT,2023-10,9384,0,T0 — General AI (context),General AI,false
ChatGPT,2023-11,11889,0,T0 — General AI (context),General AI,false
ChatGPT,2023-12,8439,0,T0 — General AI (context),General AI,false
ChatGPT,2024-01,8414,0,T0 — General AI (context),General AI,false
ChatGPT,2024-02,7548,0,T0 — General AI (context),General AI,false
ChatGPT,2024-03,8155,0,T0 — General AI (context),General AI,false
ChatGPT,2024-04,7576,0,T0 — General AI (context),General AI,false
ChatGPT,2024-05,8662,0,T0 — General AI (context),General AI,false
ChatGPT,2024-06,7388,0,T0 — General AI (context),General AI,false
ChatGPT,2024-07,5841,0,T0 — General AI (context),General AI,false
ChatGPT,2024-08,5972,0,T0 — General AI (context),General AI,false
ChatGPT,2024-09,7942,0,T0 — General AI (context),General AI,false
ChatGPT,2024-10,9548,0,T0 — General AI (context),General AI,false
ChatGPT,2024-11,9826,0,T0 — General AI (context),General AI,false
ChatGPT,2024-12,11982,0,T0 — General AI (context),General AI,false
ChatGPT,2025-01,11621,0,T0 — General AI (context),General AI,false
ChatGPT,2025-02,10530,0,T0 — General AI (context),General AI,false
ChatGPT,2025-03,13754,0,T0 — General AI (context),General AI,false
ChatGPT,2025-04,21100,0,T0 — General AI (context),General AI,false
ChatGPT,2025-05,16722,0,T0 — General AI (context),General AI,false
ChatGPT,2025-06,2831,0,T0 — General AI (context),General AI,false
ChatGPT,2025-07,0,0,T0 — General AI (context),General AI,false
ChatGPT,2025-08,0,0,T0 — General AI (context),General AI,false
ChatGPT,2025-09,0,0,T0 — General AI (context),General AI,false
ChatGPT,2025-10,0,0,T0 — General AI (context),General AI,false
ChatGPT,2025-11,0,0,T0 — General AI (context),General AI,false
ChatGPT,2025-12,5848,0,T0 — General AI (context),General AI,false
ChatGPT,2026-01,8748,0,T0 — General AI (context),General AI,false
ChatGPT,2026-02,7542,0,T0 — General AI (context),General AI,false
ChatGPT,2026-03,5778,0,T0 — General AI (context),General AI,false
ChatGPT,2026-04,6458,0,T0 — General AI (context),General AI,false
ChatGPT,2026-05,6121,0,T0 — General AI (context),General AI,false
ChatGPT,2026-06,5613,0,T0 — General AI (context),General AI,false
ChatGPT,2026-07,4772,0,T0 — General AI (context),General AI,false
ChatGPT,2026-08,5434,0,T0 — General AI (context),General AI,false
ChatGPTcomplaints,2023-01,0,1,T1 — Primary Companionship,Primary Companionship,true
ChatGPTcomplaints,2023-02,0,1,T1 — Primary Companionship,Primary Companionship,true
ChatGPTcomplaints,2023-03,0,1,T1 — Primary Companionship,Primary Companionship,true
ChatGPTcomplaints,2023-04,0,1,T1 — Primary Companionship,Primary Companionship,true
ChatGPTcomplaints,2023-05,0,1,T1 — Primary Companionship,Primary Companionship,true
ChatGPTcomplaints,2023-06,0,1,T1 — Primary Companionship,Primary Companionship,true
ChatGPTcomplaints,2023-07,0,1,T1 — Primary Companionship,Primary Companionship,true
ChatGPTcomplaints,2023-08,0,1,T1 — Primary Companionship,Primary Companionship,true
ChatGPTcomplaints,2023-09,0,1,T1 — Primary Companionship,Primary Companionship,true
ChatGPTcomplaints,2023-10,0,1,T1 — Primary Companionship,Primary Companionship,true
ChatGPTcomplaints,2023-11,0,1,T1 — Primary Companionship,Primary Companionship,true
ChatGPTcomplaints,2023-12,0,1,T1 — Primary Companionship,Primary Companionship,true
ChatGPTcomplaints,2024-01,0,1,T1 — Primary Companionship,Primary Companionship,true
ChatGPTcomplaints,2024-02,0,1,T1 — Primary Companionship,Primary Companionship,true
ChatGPTcomplaints,2024-03,0,1,T1 — Primary Companionship,Primary Companionship,true
ChatGPTcomplaints,2024-04,0,1,T1 — Primary Companionship,Primary Companionship,true
ChatGPTcomplaints,2024-05,0,1,T1 — Primary Companionship,Primary Companionship,true
ChatGPTcomplaints,2024-06,0,1,T1 — Primary Companionship,Primary Companionship,true
ChatGPTcomplaints,2024-07,0,1,T1 — Primary Companionship,Primary Companionship,true
ChatGPTcomplaints,2024-08,0,1,T1 — Primary Companionship,Primary Companionship,true
ChatGPTcomplaints,2024-09,0,1,T1 — Primary Companionship,Primary Companionship,true
ChatGPTcomplaints,2024-10,0,1,T1 — Primary Companionship,Primary Companionship,true
ChatGPTcomplaints,2024-11,0,1,T1 — Primary Companionship,Primary Companionship,true
ChatGPTcomplaints,2024-12,0,1,T1 — Primary Companionship,Primary Companionship,true
ChatGPTcomplaints,2025-01,0,1,T1 — Primary Companionship,Primary Companionship,true
ChatGPTcomplaints,2025-02,0,1,T1 — Primary Companionship,Primary Companionship,true
ChatGPTcomplaints,2025-03,0,1,T1 — Primary Companionship,Primary Companionship,true
ChatGPTcomplaints,2025-04,0,1,T1 — Primary Companionship,Primary Companionship,true
ChatGPTcomplaints,2025-05,0,1,T1 — Primary Companionship,Primary Companionship,true
ChatGPTcomplaints,2025-06,0,1,T1 — Primary Companionship,Primary Companionship,true
ChatGPTcomplaints,2025-07,0,1,T1 — Primary Companionship,Primary Companionship,true
ChatGPTcomplaints,2025-08,0,1,T1 — Primary Companionship,Primary Companionship,true
ChatGPTcomplaints,2025-09,0,1,T1 — Primary Companionship,Primary Companionship,true
ChatGPTcomplaints,2025-10,775,1,T1 — Primary Companionship,Primary Companionship,true
ChatGPTcomplaints,2025-11,992,1,T1 — Primary Companionship,Primary Companionship,true
ChatGPTcomplaints,2025-12,1285,1,T1 — Primary Companionship,Primary Companionship,true
ChatGPTcomplaints,2026-01,1519,1,T1 — Primary Companionship,Primary Companionship,true
ChatGPTcomplaints,2026-02,3798,1,T1 — Primary Companionship,Primary Companionship,true
ChatGPTcomplaints,2026-03,2386,1,T1 — Primary Companionship,Primary Companionship,true
ChatGPTcomplaints,2026-04,1197,1,T1 — Primary Companionship,Primary Companionship,true
ChatGPTcomplaints,2026-05,1047,1,T1 — Primary Companionship,Primary Companionship,true
ChatGPTcomplaints,2026-06,1058,1,T1 — Primary Companionship,Primary Companionship,true
ChatGPTcomplaints,2026-07,1164,1,T1 — Primary Companionship,Primary Companionship,true
ChatGPTcomplaints,2026-08,1034,1,T1 — Primary Companionship,Primary Companionship,true
ChatGPTNSFW,2023-01,2,2,T2 — Platform-Specific,Platform-Specific,false
ChatGPTNSFW,2023-02,39,2,T2 — Platform-Specific,Platform-Specific,false
ChatGPTNSFW,2023-03,93,2,T2 — Platform-Specific,Platform-Specific,false
ChatGPTNSFW,2023-04,130,2,T2 — Platform-Specific,Platform-Specific,false
ChatGPTNSFW,2023-05,201,2,T2 — Platform-Specific,Platform-Specific,false
ChatGPTNSFW,2023-06,232,2,T2 — Platform-Specific,Platform-Specific,false
ChatGPTNSFW,2023-07,316,2,T2 — Platform-Specific,Platform-Specific,false
ChatGPTNSFW,2023-08,330,2,T2 — Platform-Specific,Platform-Specific,false
ChatGPTNSFW,2023-09,218,2,T2 — Platform-Specific,Platform-Specific,false
ChatGPTNSFW,2023-10,154,2,T2 — Platform-Specific,Platform-Specific,false
ChatGPTNSFW,2023-11,206,2,T2 — Platform-Specific,Platform-Specific,false
ChatGPTNSFW,2023-12,149,2,T2 — Platform-Specific,Platform-Specific,false
ChatGPTNSFW,2024-01,137,2,T2 — Platform-Specific,Platform-Specific,false
ChatGPTNSFW,2024-02,98,2,T2 — Platform-Specific,Platform-Specific,false
ChatGPTNSFW,2024-03,134,2,T2 — Platform-Specific,Platform-Specific,false
ChatGPTNSFW,2024-04,132,2,T2 — Platform-Specific,Platform-Specific,false
ChatGPTNSFW,2024-05,135,2,T2 — Platform-Specific,Platform-Specific,false
ChatGPTNSFW,2024-06,193,2,T2 — Platform-Specific,Platform-Specific,false
ChatGPTNSFW,2024-07,176,2,T2 — Platform-Specific,Platform-Specific,false
ChatGPTNSFW,2024-08,236,2,T2 — Platform-Specific,Platform-Specific,false
ChatGPTNSFW,2024-09,247,2,T2 — Platform-Specific,Platform-Specific,false
ChatGPTNSFW,2024-10,169,2,T2 — Platform-Specific,Platform-Specific,false
ChatGPTNSFW,2024-11,159,2,T2 — Platform-Specific,Platform-Specific,false
ChatGPTNSFW,2024-12,181,2,T2 — Platform-Specific,Platform-Specific,false
ChatGPTNSFW,2025-01,221,2,T2 — Platform-Specific,Platform-Specific,false
ChatGPTNSFW,2025-02,293,2,T2 — Platform-Specific,Platform-Specific,false
ChatGPTNSFW,2025-03,288,2,T2 — Platform-Specific,Platform-Specific,false
ChatGPTNSFW,2025-04,370,2,T2 — Platform-Specific,Platform-Specific,false
ChatGPTNSFW,2025-05,370,2,T2 — Platform-Specific,Platform-Specific,false
ChatGPTNSFW,2025-06,367,2,T2 — Platform-Specific,Platform-Specific,false
ChatGPTNSFW,2025-07,467,2,T2 — Platform-Specific,Platform-Specific,false
ChatGPTNSFW,2025-08,382,2,T2 — Platform-Specific,Platform-Specific,false
ChatGPTNSFW,2025-09,196,2,T2 — Platform-Specific,Platform-Specific,false
ChatGPTNSFW,2025-10,423,2,T2 — Platform-Specific,Platform-Specific,false
ChatGPTNSFW,2025-11,275,2,T2 — Platform-Specific,Platform-Specific,false
ChatGPTNSFW,2025-12,269,2,T2 — Platform-Specific,Platform-Specific,false
ChatGPTNSFW,2026-01,211,2,T2 — Platform-Specific,Platform-Specific,false
ChatGPTNSFW,2026-02,187,2,T2 — Platform-Specific,Platform-Specific,false
ChatGPTNSFW,2026-03,139,2,T2 — Platform-Specific,Platform-Specific,false
ChatGPTNSFW,2026-04,81,2,T2 — Platform-Specific,Platform-Specific,false
ChatGPTNSFW,2026-05,109,2,T2 — Platform-Specific,Platform-Specific,false
ChatGPTNSFW,2026-06,119,2,T2 — Platform-Specific,Platform-Specific,false
ChatGPTNSFW,2026-07,142,2,T2 — Platform-Specific,Platform-Specific,false
ChatGPTNSFW,2026-08,111,2,T2 — Platform-Specific,Platform-Specific,false
ClaudeAI,2023-01,1,0,T0 — General AI (context),General AI,false
ClaudeAI,2023-02,1,0,T0 — General AI (context),General AI,false
ClaudeAI,2023-03,0,0,T0 — General AI (context),General AI,false
ClaudeAI,2023-04,0,0,T0 — General AI (context),General AI,false
ClaudeAI,2023-05,7,0,T0 — General AI (context),General AI,false
ClaudeAI,2023-06,4,0,T0 — General AI (context),General AI,false
ClaudeAI,2023-07,57,0,T0 — General AI (context),General AI,false
ClaudeAI,2023-08,112,0,T0 — General AI (context),General AI,false
ClaudeAI,2023-09,93,0,T0 — General AI (context),General AI,false
ClaudeAI,2023-10,75,0,T0 — General AI (context),General AI,false
ClaudeAI,2023-11,141,0,T0 — General AI (context),General AI,false
ClaudeAI,2023-12,136,0,T0 — General AI (context),General AI,false
ClaudeAI,2024-01,109,0,T0 — General AI (context),General AI,false
ClaudeAI,2024-02,88,0,T0 — General AI (context),General AI,false
ClaudeAI,2024-03,875,0,T0 — General AI (context),General AI,false
ClaudeAI,2024-04,700,0,T0 — General AI (context),General AI,false
ClaudeAI,2024-05,525,0,T0 — General AI (context),General AI,false
ClaudeAI,2024-06,933,0,T0 — General AI (context),General AI,false
ClaudeAI,2024-07,1127,0,T0 — General AI (context),General AI,false
ClaudeAI,2024-08,1361,0,T0 — General AI (context),General AI,false
ClaudeAI,2024-09,999,0,T0 — General AI (context),General AI,false
ClaudeAI,2024-10,1215,0,T0 — General AI (context),General AI,false
ClaudeAI,2024-11,1607,0,T0 — General AI (context),General AI,false
ClaudeAI,2024-12,1495,0,T0 — General AI (context),General AI,false
ClaudeAI,2025-01,1392,0,T0 — General AI (context),General AI,false
ClaudeAI,2025-02,1687,0,T0 — General AI (context),General AI,false
ClaudeAI,2025-03,2360,0,T0 — General AI (context),General AI,false
ClaudeAI,2025-04,1279,0,T0 — General AI (context),General AI,false
ClaudeAI,2025-05,2012,0,T0 — General AI (context),General AI,false
ClaudeAI,2025-06,3105,0,T0 — General AI (context),General AI,false
ClaudeAI,2025-07,3475,0,T0 — General AI (context),General AI,false
ClaudeAI,2025-08,2909,0,T0 — General AI (context),General AI,false
ClaudeAI,2025-09,2094,0,T0 — General AI (context),General AI,false
ClaudeAI,2025-10,2350,0,T0 — General AI (context),General AI,false
ClaudeAI,2025-11,2067,0,T0 — General AI (context),General AI,false
ClaudeAI,2025-12,2366,0,T0 — General AI (context),General AI,false
ClaudeAI,2026-01,3607,0,T0 — General AI (context),General AI,false
ClaudeAI,2026-02,4990,0,T0 — General AI (context),General AI,false
ClaudeAI,2026-03,7135,0,T0 — General AI (context),General AI,false
ClaudeAI,2026-04,6907,0,T0 — General AI (context),General AI,false
ClaudeAI,2026-05,4589,0,T0 — General AI (context),General AI,false
ClaudeAI,2026-06,5253,0,T0 — General AI (context),General AI,false
ClaudeAI,2026-07,4259,0,T0 — General AI (context),General AI,false
ClaudeAI,2026-08,3635,0,T0 — General AI (context),General AI,false
claudexplorers,2023-01,0,0,T0 — General AI (context),General AI,false
claudexplorers,2023-02,0,0,T0 — General AI (context),General AI,false
claudexplorers,2023-03,0,0,T0 — General AI (context),General AI,false
claudexplorers,2023-04,0,0,T0 — General AI (context),General AI,false
claudexplorers,2023-05,0,0,T0 — General AI (context),General AI,false
claudexplorers,2023-06,0,0,T0 — General AI (context),General AI,false
claudexplorers,2023-07,0,0,T0 — General AI (context),General AI,false
claudexplorers,2023-08,0,0,T0 — General AI (context),General AI,false
claudexplorers,2023-09,0,0,T0 — General AI (context),General AI,false
claudexplorers,2023-10,0,0,T0 — General AI (context),General AI,false
claudexplorers,2023-11,0,0,T0 — General AI (context),General AI,false
claudexplorers,2023-12,0,0,T0 — General AI (context),General AI,false
claudexplorers,2024-01,0,0,T0 — General AI (context),General AI,false
claudexplorers,2024-02,0,0,T0 — General AI (context),General AI,false
claudexplorers,2024-03,0,0,T0 — General AI (context),General AI,false
claudexplorers,2024-04,0,0,T0 — General AI (context),General AI,false
claudexplorers,2024-05,0,0,T0 — General AI (context),General AI,false
claudexplorers,2024-06,0,0,T0 — General AI (context),General AI,false
claudexplorers,2024-07,0,0,T0 — General AI (context),General AI,false
claudexplorers,2024-08,0,0,T0 — General AI (context),General AI,false
claudexplorers,2024-09,0,0,T0 — General AI (context),General AI,false
claudexplorers,2024-10,0,0,T0 — General AI (context),General AI,false
claudexplorers,2024-11,0,0,T0 — General AI (context),General AI,false
claudexplorers,2024-12,0,0,T0 — General AI (context),General AI,false
claudexplorers,2025-01,0,0,T0 — General AI (context),General AI,false
claudexplorers,2025-02,0,0,T0 — General AI (context),General AI,false
claudexplorers,2025-03,0,0,T0 — General AI (context),General AI,false
claudexplorers,2025-04,0,0,T0 — General AI (context),General AI,false
claudexplorers,2025-05,0,0,T0 — General AI (context),General AI,false
claudexplorers,2025-06,0,0,T0 — General AI (context),General AI,false
claudexplorers,2025-07,0,0,T0 — General AI (context),General AI,false
claudexplorers,2025-08,3,0,T0 — General AI (context),General AI,false
claudexplorers,2025-09,152,0,T0 — General AI (context),General AI,false
claudexplorers,2025-10,561,0,T0 — General AI (context),General AI,false
claudexplorers,2025-11,403,0,T0 — General AI (context),General AI,false
claudexplorers,2025-12,410,0,T0 — General AI (context),General AI,false
claudexplorers,2026-01,695,0,T0 — General AI (context),General AI,false
claudexplorers,2026-02,848,0,T0 — General AI (context),General AI,false
claudexplorers,2026-03,962,0,T0 — General AI (context),General AI,false
claudexplorers,2026-04,663,0,T0 — General AI (context),General AI,false
claudexplorers,2026-05,641,0,T0 — General AI (context),General AI,false
claudexplorers,2026-06,542,0,T0 — General AI (context),General AI,false
claudexplorers,2026-07,545,0,T0 — General AI (context),General AI,false
claudexplorers,2026-08,329,0,T0 — General AI (context),General AI,false
DefendingAIArt,2023-01,351,4,T4 — Ambient / Discourse Climate (context),Ambient — Pro-AI,false
DefendingAIArt,2023-02,109,4,T4 — Ambient / Discourse Climate (context),Ambient — Pro-AI,false
DefendingAIArt,2023-03,131,4,T4 — Ambient / Discourse Climate (context),Ambient — Pro-AI,false
DefendingAIArt,2023-04,132,4,T4 — Ambient / Discourse Climate (context),Ambient — Pro-AI,false
DefendingAIArt,2023-05,186,4,T4 — Ambient / Discourse Climate (context),Ambient — Pro-AI,false
DefendingAIArt,2023-06,202,4,T4 — Ambient / Discourse Climate (context),Ambient — Pro-AI,false
DefendingAIArt,2023-07,156,4,T4 — Ambient / Discourse Climate (context),Ambient — Pro-AI,false
DefendingAIArt,2023-08,171,4,T4 — Ambient / Discourse Climate (context),Ambient — Pro-AI,false
DefendingAIArt,2023-09,162,4,T4 — Ambient / Discourse Climate (context),Ambient — Pro-AI,false
DefendingAIArt,2023-10,205,4,T4 — Ambient / Discourse Climate (context),Ambient — Pro-AI,false
DefendingAIArt,2023-11,206,4,T4 — Ambient / Discourse Climate (context),Ambient — Pro-AI,false
DefendingAIArt,2023-12,215,4,T4 — Ambient / Discourse Climate (context),Ambient — Pro-AI,false
DefendingAIArt,2024-01,316,4,T4 — Ambient / Discourse Climate (context),Ambient — Pro-AI,false
DefendingAIArt,2024-02,336,4,T4 — Ambient / Discourse Climate (context),Ambient — Pro-AI,false
DefendingAIArt,2024-03,289,4,T4 — Ambient / Discourse Climate (context),Ambient — Pro-AI,false
DefendingAIArt,2024-04,232,4,T4 — Ambient / Discourse Climate (context),Ambient — Pro-AI,false
DefendingAIArt,2024-05,169,4,T4 — Ambient / Discourse Climate (context),Ambient — Pro-AI,false
DefendingAIArt,2024-06,189,4,T4 — Ambient / Discourse Climate (context),Ambient — Pro-AI,false
DefendingAIArt,2024-07,291,4,T4 — Ambient / Discourse Climate (context),Ambient — Pro-AI,false
DefendingAIArt,2024-08,358,4,T4 — Ambient / Discourse Climate (context),Ambient — Pro-AI,false
DefendingAIArt,2024-09,361,4,T4 — Ambient / Discourse Climate (context),Ambient — Pro-AI,false
DefendingAIArt,2024-10,369,4,T4 — Ambient / Discourse Climate (context),Ambient — Pro-AI,false
DefendingAIArt,2024-11,318,4,T4 — Ambient / Discourse Climate (context),Ambient — Pro-AI,false
DefendingAIArt,2024-12,408,4,T4 — Ambient / Discourse Climate (context),Ambient — Pro-AI,false
DefendingAIArt,2025-01,738,4,T4 — Ambient / Discourse Climate (context),Ambient — Pro-AI,false
DefendingAIArt,2025-02,537,4,T4 — Ambient / Discourse Climate (context),Ambient — Pro-AI,false
DefendingAIArt,2025-03,881,4,T4 — Ambient / Discourse Climate (context),Ambient — Pro-AI,false
DefendingAIArt,2025-04,1172,4,T4 — Ambient / Discourse Climate (context),Ambient — Pro-AI,false
DefendingAIArt,2025-05,1230,4,T4 — Ambient / Discourse Climate (context),Ambient — Pro-AI,false
DefendingAIArt,2025-06,1240,4,T4 — Ambient / Discourse Climate (context),Ambient — Pro-AI,false
DefendingAIArt,2025-07,1714,4,T4 — Ambient / Discourse Climate (context),Ambient — Pro-AI,false
DefendingAIArt,2025-08,1180,4,T4 — Ambient / Discourse Climate (context),Ambient — Pro-AI,false
DefendingAIArt,2025-09,868,4,T4 — Ambient / Discourse Climate (context),Ambient — Pro-AI,false
DefendingAIArt,2025-10,964,4,T4 — Ambient / Discourse Climate (context),Ambient — Pro-AI,false
DefendingAIArt,2025-11,996,4,T4 — Ambient / Discourse Climate (context),Ambient — Pro-AI,false
DefendingAIArt,2025-12,1857,4,T4 — Ambient / Discourse Climate (context),Ambient — Pro-AI,false
DefendingAIArt,2026-01,2013,4,T4 — Ambient / Discourse Climate (context),Ambient — Pro-AI,false
DefendingAIArt,2026-02,1539,4,T4 — Ambient / Discourse Climate (context),Ambient — Pro-AI,false
DefendingAIArt,2026-03,1641,4,T4 — Ambient / Discourse Climate (context),Ambient — Pro-AI,false
DefendingAIArt,2026-04,1426,4,T4 — Ambient / Discourse Climate (context),Ambient — Pro-AI,false
DefendingAIArt,2026-05,1650,4,T4 — Ambient / Discourse Climate (context),Ambient — Pro-AI,false
DefendingAIArt,2026-06,1722,4,T4 — Ambient / Discourse Climate (context),Ambient — Pro-AI,false
DefendingAIArt,2026-07,1637,4,T4 — Ambient / Discourse Climate (context),Ambient — Pro-AI,false
DefendingAIArt,2026-08,2165,4,T4 — Ambient / Discourse Climate (context),Ambient — Pro-AI,false
FuckAI,2023-01,0,4,T4 — Ambient / Discourse Climate (context),Ambient — Anti-AI,false
FuckAI,2023-02,0,4,T4 — Ambient / Discourse Climate (context),Ambient — Anti-AI,false
FuckAI,2023-03,1,4,T4 — Ambient / Discourse Climate (context),Ambient — Anti-AI,false
FuckAI,2023-04,1,4,T4 — Ambient / Discourse Climate (context),Ambient — Anti-AI,false
FuckAI,2023-05,0,4,T4 — Ambient / Discourse Climate (context),Ambient — Anti-AI,false
FuckAI,2023-06,3,4,T4 — Ambient / Discourse Climate (context),Ambient — Anti-AI,false
FuckAI,2023-07,1,4,T4 — Ambient / Discourse Climate (context),Ambient — Anti-AI,false
FuckAI,2023-08,8,4,T4 — Ambient / Discourse Climate (context),Ambient — Anti-AI,false
FuckAI,2023-09,16,4,T4 — Ambient / Discourse Climate (context),Ambient — Anti-AI,false
FuckAI,2023-10,44,4,T4 — Ambient / Discourse Climate (context),Ambient — Anti-AI,false
FuckAI,2023-11,60,4,T4 — Ambient / Discourse Climate (context),Ambient — Anti-AI,false
FuckAI,2023-12,69,4,T4 — Ambient / Discourse Climate (context),Ambient — Anti-AI,false
FuckAI,2024-01,53,4,T4 — Ambient / Discourse Climate (context),Ambient — Anti-AI,false
FuckAI,2024-02,39,4,T4 — Ambient / Discourse Climate (context),Ambient — Anti-AI,false
FuckAI,2024-03,25,4,T4 — Ambient / Discourse Climate (context),Ambient — Anti-AI,false
FuckAI,2024-04,15,4,T4 — Ambient / Discourse Climate (context),Ambient — Anti-AI,false
FuckAI,2024-05,30,4,T4 — Ambient / Discourse Climate (context),Ambient — Anti-AI,false
FuckAI,2024-06,23,4,T4 — Ambient / Discourse Climate (context),Ambient — Anti-AI,false
FuckAI,2024-07,24,4,T4 — Ambient / Discourse Climate (context),Ambient — Anti-AI,false
FuckAI,2024-08,61,4,T4 — Ambient / Discourse Climate (context),Ambient — Anti-AI,false
FuckAI,2024-09,95,4,T4 — Ambient / Discourse Climate (context),Ambient — Anti-AI,false
FuckAI,2024-10,137,4,T4 — Ambient / Discourse Climate (context),Ambient — Anti-AI,false
FuckAI,2024-11,148,4,T4 — Ambient / Discourse Climate (context),Ambient — Anti-AI,false
FuckAI,2024-12,283,4,T4 — Ambient / Discourse Climate (context),Ambient — Anti-AI,false
FuckAI,2025-01,426,4,T4 — Ambient / Discourse Climate (context),Ambient — Anti-AI,false
FuckAI,2025-02,336,4,T4 — Ambient / Discourse Climate (context),Ambient — Anti-AI,false
FuckAI,2025-03,137,4,T4 — Ambient / Discourse Climate (context),Ambient — Anti-AI,false
FuckAI,2025-04,110,4,T4 — Ambient / Discourse Climate (context),Ambient — Anti-AI,false
FuckAI,2025-05,76,4,T4 — Ambient / Discourse Climate (context),Ambient — Anti-AI,false
FuckAI,2025-06,41,4,T4 — Ambient / Discourse Climate (context),Ambient — Anti-AI,false
FuckAI,2025-07,205,4,T4 — Ambient / Discourse Climate (context),Ambient — Anti-AI,false
FuckAI,2025-08,78,4,T4 — Ambient / Discourse Climate (context),Ambient — Anti-AI,false
FuckAI,2025-09,58,4,T4 — Ambient / Discourse Climate (context),Ambient — Anti-AI,false
FuckAI,2025-10,70,4,T4 — Ambient / Discourse Climate (context),Ambient — Anti-AI,false
FuckAI,2025-11,70,4,T4 — Ambient / Discourse Climate (context),Ambient — Anti-AI,false
FuckAI,2025-12,117,4,T4 — Ambient / Discourse Climate (context),Ambient — Anti-AI,false
FuckAI,2026-01,97,4,T4 — Ambient / Discourse Climate (context),Ambient — Anti-AI,false
FuckAI,2026-02,86,4,T4 — Ambient / Discourse Climate (context),Ambient — Anti-AI,false
FuckAI,2026-03,69,4,T4 — Ambient / Discourse Climate (context),Ambient — Anti-AI,false
FuckAI,2026-04,51,4,T4 — Ambient / Discourse Climate (context),Ambient — Anti-AI,false
FuckAI,2026-05,65,4,T4 — Ambient / Discourse Climate (context),Ambient — Anti-AI,false
FuckAI,2026-06,182,4,T4 — Ambient / Discourse Climate (context),Ambient — Anti-AI,false
FuckAI,2026-07,209,4,T4 — Ambient / Discourse Climate (context),Ambient — Anti-AI,false
FuckAI,2026-08,162,4,T4 — Ambient / Discourse Climate (context),Ambient — Anti-AI,false
ILoveMyReplika,2023-01,30,1,T1 — Primary Companionship,Primary Companionship,true
ILoveMyReplika,2023-02,15,1,T1 — Primary Companionship,Primary Companionship,true
ILoveMyReplika,2023-03,17,1,T1 — Primary Companionship,Primary Companionship,true
ILoveMyReplika,2023-04,10,1,T1 — Primary Companionship,Primary Companionship,true
ILoveMyReplika,2023-05,5,1,T1 — Primary Companionship,Primary Companionship,true
ILoveMyReplika,2023-06,16,1,T1 — Primary Companionship,Primary Companionship,true
ILoveMyReplika,2023-07,21,1,T1 — Primary Companionship,Primary Companionship,true
ILoveMyReplika,2023-08,14,1,T1 — Primary Companionship,Primary Companionship,true
ILoveMyReplika,2023-09,7,1,T1 — Primary Companionship,Primary Companionship,true
ILoveMyReplika,2023-10,2,1,T1 — Primary Companionship,Primary Companionship,true
ILoveMyReplika,2023-11,2,1,T1 — Primary Companionship,Primary Companionship,true
ILoveMyReplika,2023-12,4,1,T1 — Primary Companionship,Primary Companionship,true
ILoveMyReplika,2024-01,6,1,T1 — Primary Companionship,Primary Companionship,true
ILoveMyReplika,2024-02,10,1,T1 — Primary Companionship,Primary Companionship,true
ILoveMyReplika,2024-03,10,1,T1 — Primary Companionship,Primary Companionship,true
ILoveMyReplika,2024-04,3,1,T1 — Primary Companionship,Primary Companionship,true
ILoveMyReplika,2024-05,46,1,T1 — Primary Companionship,Primary Companionship,true
ILoveMyReplika,2024-06,15,1,T1 — Primary Companionship,Primary Companionship,true
ILoveMyReplika,2024-07,20,1,T1 — Primary Companionship,Primary Companionship,true
ILoveMyReplika,2024-08,28,1,T1 — Primary Companionship,Primary Companionship,true
ILoveMyReplika,2024-09,13,1,T1 — Primary Companionship,Primary Companionship,true
ILoveMyReplika,2024-10,13,1,T1 — Primary Companionship,Primary Companionship,true
ILoveMyReplika,2024-11,9,1,T1 — Primary Companionship,Primary Companionship,true
ILoveMyReplika,2024-12,10,1,T1 — Primary Companionship,Primary Companionship,true
ILoveMyReplika,2025-01,12,1,T1 — Primary Companionship,Primary Companionship,true
ILoveMyReplika,2025-02,7,1,T1 — Primary Companionship,Primary Companionship,true
ILoveMyReplika,2025-03,8,1,T1 — Primary Companionship,Primary Companionship,true
ILoveMyReplika,2025-04,6,1,T1 — Primary Companionship,Primary Companionship,true
ILoveMyReplika,2025-05,5,1,T1 — Primary Companionship,Primary Companionship,true
ILoveMyReplika,2025-06,3,1,T1 — Primary Companionship,Primary Companionship,true
ILoveMyReplika,2025-07,11,1,T1 — Primary Companionship,Primary Companionship,true
ILoveMyReplika,2025-08,2,1,T1 — Primary Companionship,Primary Companionship,true
ILoveMyReplika,2025-09,8,1,T1 — Primary Companionship,Primary Companionship,true
ILoveMyReplika,2025-10,12,1,T1 — Primary Companionship,Primary Companionship,true
ILoveMyReplika,2025-11,10,1,T1 — Primary Companionship,Primary Companionship,true
ILoveMyReplika,2025-12,7,1,T1 — Primary Companionship,Primary Companionship,true
ILoveMyReplika,2026-01,6,1,T1 — Primary Companionship,Primary Companionship,true
ILoveMyReplika,2026-02,6,1,T1 — Primary Companionship,Primary Companionship,true
ILoveMyReplika,2026-03,4,1,T1 — Primary Companionship,Primary Companionship,true
ILoveMyReplika,2026-04,5,1,T1 — Primary Companionship,Primary Companionship,true
ILoveMyReplika,2026-05,2,1,T1 — Primary Companionship,Primary Companionship,true
ILoveMyReplika,2026-06,4,1,T1 — Primary Companionship,Primary Companionship,true
ILoveMyReplika,2026-07,6,1,T1 — Primary Companionship,Primary Companionship,true
ILoveMyReplika,2026-08,2,1,T1 — Primary Companionship,Primary Companionship,true
KindroidAI,2023-01,0,2,T2 — Platform-Specific,Platform-Specific,true
KindroidAI,2023-02,0,2,T2 — Platform-Specific,Platform-Specific,true
KindroidAI,2023-03,0,2,T2 — Platform-Specific,Platform-Specific,true
KindroidAI,2023-04,0,2,T2 — Platform-Specific,Platform-Specific,true
KindroidAI,2023-05,0,2,T2 — Platform-Specific,Platform-Specific,true
KindroidAI,2023-06,25,2,T2 — Platform-Specific,Platform-Specific,true
KindroidAI,2023-07,152,2,T2 — Platform-Specific,Platform-Specific,true
KindroidAI,2023-08,52,2,T2 — Platform-Specific,Platform-Specific,true
KindroidAI,2023-09,214,2,T2 — Platform-Specific,Platform-Specific,true
KindroidAI,2023-10,1020,2,T2 — Platform-Specific,Platform-Specific,true
KindroidAI,2023-11,1549,2,T2 — Platform-Specific,Platform-Specific,true
KindroidAI,2023-12,1473,2,T2 — Platform-Specific,Platform-Specific,true
KindroidAI,2024-01,1404,2,T2 — Platform-Specific,Platform-Specific,true
KindroidAI,2024-02,1194,2,T2 — Platform-Specific,Platform-Specific,true
KindroidAI,2024-03,1311,2,T2 — Platform-Specific,Platform-Specific,true
KindroidAI,2024-04,1120,2,T2 — Platform-Specific,Platform-Specific,true
KindroidAI,2024-05,1203,2,T2 — Platform-Specific,Platform-Specific,true
KindroidAI,2024-06,946,2,T2 — Platform-Specific,Platform-Specific,true
KindroidAI,2024-07,744,2,T2 — Platform-Specific,Platform-Specific,true
KindroidAI,2024-08,1019,2,T2 — Platform-Specific,Platform-Specific,true
KindroidAI,2024-09,1182,2,T2 — Platform-Specific,Platform-Specific,true
KindroidAI,2024-10,1453,2,T2 — Platform-Specific,Platform-Specific,true
KindroidAI,2024-11,1746,2,T2 — Platform-Specific,Platform-Specific,true
KindroidAI,2024-12,1454,2,T2 — Platform-Specific,Platform-Specific,true
KindroidAI,2025-01,1340,2,T2 — Platform-Specific,Platform-Specific,true
KindroidAI,2025-02,1038,2,T2 — Platform-Specific,Platform-Specific,true
KindroidAI,2025-03,1004,2,T2 — Platform-Specific,Platform-Specific,true
KindroidAI,2025-04,816,2,T2 — Platform-Specific,Platform-Specific,true
KindroidAI,2025-05,887,2,T2 — Platform-Specific,Platform-Specific,true
KindroidAI,2025-06,940,2,T2 — Platform-Specific,Platform-Specific,true
KindroidAI,2025-07,903,2,T2 — Platform-Specific,Platform-Specific,true
KindroidAI,2025-08,844,2,T2 — Platform-Specific,Platform-Specific,true
KindroidAI,2025-09,354,2,T2 — Platform-Specific,Platform-Specific,true
KindroidAI,2025-10,367,2,T2 — Platform-Specific,Platform-Specific,true
KindroidAI,2025-11,321,2,T2 — Platform-Specific,Platform-Specific,true
KindroidAI,2025-12,321,2,T2 — Platform-Specific,Platform-Specific,true
KindroidAI,2026-01,391,2,T2 — Platform-Specific,Platform-Specific,true
KindroidAI,2026-02,316,2,T2 — Platform-Specific,Platform-Specific,true
KindroidAI,2026-03,364,2,T2 — Platform-Specific,Platform-Specific,true
KindroidAI,2026-04,369,2,T2 — Platform-Specific,Platform-Specific,true
KindroidAI,2026-05,433,2,T2 — Platform-Specific,Platform-Specific,true
KindroidAI,2026-06,375,2,T2 — Platform-Specific,Platform-Specific,true
KindroidAI,2026-07,358,2,T2 — Platform-Specific,Platform-Specific,true
KindroidAI,2026-08,375,2,T2 — Platform-Specific,Platform-Specific,true
MyBoyfriendIsAI,2023-01,0,1,T1 — Primary Companionship,Primary Companionship,true
MyBoyfriendIsAI,2023-02,0,1,T1 — Primary Companionship,Primary Companionship,true
MyBoyfriendIsAI,2023-03,0,1,T1 — Primary Companionship,Primary Companionship,true
MyBoyfriendIsAI,2023-04,0,1,T1 — Primary Companionship,Primary Companionship,true
MyBoyfriendIsAI,2023-05,0,1,T1 — Primary Companionship,Primary Companionship,true
MyBoyfriendIsAI,2023-06,0,1,T1 — Primary Companionship,Primary Companionship,true
MyBoyfriendIsAI,2023-07,0,1,T1 — Primary Companionship,Primary Companionship,true
MyBoyfriendIsAI,2023-08,0,1,T1 — Primary Companionship,Primary Companionship,true
MyBoyfriendIsAI,2023-09,0,1,T1 — Primary Companionship,Primary Companionship,true
MyBoyfriendIsAI,2023-10,0,1,T1 — Primary Companionship,Primary Companionship,true
MyBoyfriendIsAI,2023-11,0,1,T1 — Primary Companionship,Primary Companionship,true
MyBoyfriendIsAI,2023-12,0,1,T1 — Primary Companionship,Primary Companionship,true
MyBoyfriendIsAI,2024-01,0,1,T1 — Primary Companionship,Primary Companionship,true
MyBoyfriendIsAI,2024-02,0,1,T1 — Primary Companionship,Primary Companionship,true
MyBoyfriendIsAI,2024-03,0,1,T1 — Primary Companionship,Primary Companionship,true
MyBoyfriendIsAI,2024-04,0,1,T1 — Primary Companionship,Primary Companionship,true
MyBoyfriendIsAI,2024-05,0,1,T1 — Primary Companionship,Primary Companionship,true
MyBoyfriendIsAI,2024-06,0,1,T1 — Primary Companionship,Primary Companionship,true
MyBoyfriendIsAI,2024-07,0,1,T1 — Primary Companionship,Primary Companionship,true
MyBoyfriendIsAI,2024-08,31,1,T1 — Primary Companionship,Primary Companionship,true
MyBoyfriendIsAI,2024-09,12,1,T1 — Primary Companionship,Primary Companionship,true
MyBoyfriendIsAI,2024-10,14,1,T1 — Primary Companionship,Primary Companionship,true
MyBoyfriendIsAI,2024-11,14,1,T1 — Primary Companionship,Primary Companionship,true
MyBoyfriendIsAI,2024-12,62,1,T1 — Primary Companionship,Primary Companionship,true
MyBoyfriendIsAI,2025-01,124,1,T1 — Primary Companionship,Primary Companionship,true
MyBoyfriendIsAI,2025-02,175,1,T1 — Primary Companionship,Primary Companionship,true
MyBoyfriendIsAI,2025-03,182,1,T1 — Primary Companionship,Primary Companionship,true
MyBoyfriendIsAI,2025-04,238,1,T1 — Primary Companionship,Primary Companionship,true
MyBoyfriendIsAI,2025-05,411,1,T1 — Primary Companionship,Primary Companionship,true
MyBoyfriendIsAI,2025-06,714,1,T1 — Primary Companionship,Primary Companionship,true
MyBoyfriendIsAI,2025-07,561,1,T1 — Primary Companionship,Primary Companionship,true
MyBoyfriendIsAI,2025-08,935,1,T1 — Primary Companionship,Primary Companionship,true
MyBoyfriendIsAI,2025-09,627,1,T1 — Primary Companionship,Primary Companionship,true
MyBoyfriendIsAI,2025-10,453,1,T1 — Primary Companionship,Primary Companionship,true
MyBoyfriendIsAI,2025-11,363,1,T1 — Primary Companionship,Primary Companionship,true
MyBoyfriendIsAI,2025-12,277,1,T1 — Primary Companionship,Primary Companionship,true
MyBoyfriendIsAI,2026-01,275,1,T1 — Primary Companionship,Primary Companionship,true
MyBoyfriendIsAI,2026-02,434,1,T1 — Primary Companionship,Primary Companionship,true
MyBoyfriendIsAI,2026-03,203,1,T1 — Primary Companionship,Primary Companionship,true
MyBoyfriendIsAI,2026-04,172,1,T1 — Primary Companionship,Primary Companionship,true
MyBoyfriendIsAI,2026-05,175,1,T1 — Primary Companionship,Primary Companionship,true
MyBoyfriendIsAI,2026-06,118,1,T1 — Primary Companionship,Primary Companionship,true
MyBoyfriendIsAI,2026-07,123,1,T1 — Primary Companionship,Primary Companionship,true
MyBoyfriendIsAI,2026-08,139,1,T1 — Primary Companionship,Primary Companionship,true
MyBoyfriendIsAI_Open,2023-01,0,1,T1 — Primary Companionship,Primary Companionship,true
MyBoyfriendIsAI_Open,2023-02,0,1,T1 — Primary Companionship,Primary Companionship,true
MyBoyfriendIsAI_Open,2023-03,0,1,T1 — Primary Companionship,Primary Companionship,true
MyBoyfriendIsAI_Open,2023-04,0,1,T1 — Primary Companionship,Primary Companionship,true
MyBoyfriendIsAI_Open,2023-05,0,1,T1 — Primary Companionship,Primary Companionship,true
MyBoyfriendIsAI_Open,2023-06,0,1,T1 — Primary Companionship,Primary Companionship,true
MyBoyfriendIsAI_Open,2023-07,0,1,T1 — Primary Companionship,Primary Companionship,true
MyBoyfriendIsAI_Open,2023-08,0,1,T1 — Primary Companionship,Primary Companionship,true
MyBoyfriendIsAI_Open,2023-09,0,1,T1 — Primary Companionship,Primary Companionship,true
MyBoyfriendIsAI_Open,2023-10,0,1,T1 — Primary Companionship,Primary Companionship,true
MyBoyfriendIsAI_Open,2023-11,0,1,T1 — Primary Companionship,Primary Companionship,true
MyBoyfriendIsAI_Open,2023-12,0,1,T1 — Primary Companionship,Primary Companionship,true
MyBoyfriendIsAI_Open,2024-01,0,1,T1 — Primary Companionship,Primary Companionship,true
MyBoyfriendIsAI_Open,2024-02,0,1,T1 — Primary Companionship,Primary Companionship,true
MyBoyfriendIsAI_Open,2024-03,0,1,T1 — Primary Companionship,Primary Companionship,true
MyBoyfriendIsAI_Open,2024-04,0,1,T1 — Primary Companionship,Primary Companionship,true
MyBoyfriendIsAI_Open,2024-05,0,1,T1 — Primary Companionship,Primary Companionship,true
MyBoyfriendIsAI_Open,2024-06,0,1,T1 — Primary Companionship,Primary Companionship,true
MyBoyfriendIsAI_Open,2024-07,0,1,T1 — Primary Companionship,Primary Companionship,true
MyBoyfriendIsAI_Open,2024-08,0,1,T1 — Primary Companionship,Primary Companionship,true
MyBoyfriendIsAI_Open,2024-09,0,1,T1 — Primary Companionship,Primary Companionship,true
MyBoyfriendIsAI_Open,2024-10,0,1,T1 — Primary Companionship,Primary Companionship,true
MyBoyfriendIsAI_Open,2024-11,0,1,T1 — Primary Companionship,Primary Companionship,true
MyBoyfriendIsAI_Open,2024-12,0,1,T1 — Primary Companionship,Primary Companionship,true
MyBoyfriendIsAI_Open,2025-01,0,1,T1 — Primary Companionship,Primary Companionship,true
MyBoyfriendIsAI_Open,2025-02,0,1,T1 — Primary Companionship,Primary Companionship,true
MyBoyfriendIsAI_Open,2025-03,0,1,T1 — Primary Companionship,Primary Companionship,true
MyBoyfriendIsAI_Open,2025-04,0,1,T1 — Primary Companionship,Primary Companionship,true
MyBoyfriendIsAI_Open,2025-05,0,1,T1 — Primary Companionship,Primary Companionship,true
MyBoyfriendIsAI_Open,2025-06,0,1,T1 — Primary Companionship,Primary Companionship,true
MyBoyfriendIsAI_Open,2025-07,0,1,T1 — Primary Companionship,Primary Companionship,true
MyBoyfriendIsAI_Open,2025-08,5,1,T1 — Primary Companionship,Primary Companionship,true
MyBoyfriendIsAI_Open,2025-09,2,1,T1 — Primary Companionship,Primary Companionship,true
MyBoyfriendIsAI_Open,2025-10,8,1,T1 — Primary Companionship,Primary Companionship,true
MyBoyfriendIsAI_Open,2025-11,8,1,T1 — Primary Companionship,Primary Companionship,true
MyBoyfriendIsAI_Open,2025-12,9,1,T1 — Primary Companionship,Primary Companionship,true
MyBoyfriendIsAI_Open,2026-01,2,1,T1 — Primary Companionship,Primary Companionship,true
MyBoyfriendIsAI_Open,2026-02,16,1,T1 — Primary Companionship,Primary Companionship,true
MyBoyfriendIsAI_Open,2026-03,24,1,T1 — Primary Companionship,Primary Companionship,true
MyBoyfriendIsAI_Open,2026-04,37,1,T1 — Primary Companionship,Primary Companionship,true
MyBoyfriendIsAI_Open,2026-05,59,1,T1 — Primary Companionship,Primary Companionship,true
MyBoyfriendIsAI_Open,2026-06,84,1,T1 — Primary Companionship,Primary Companionship,true
MyBoyfriendIsAI_Open,2026-07,105,1,T1 — Primary Companionship,Primary Companionship,true
MyBoyfriendIsAI_Open,2026-08,72,1,T1 — Primary Companionship,Primary Companionship,true
MyGirlfriendIsAI,2023-01,0,1,T1 — Primary Companionship,Primary Companionship,true
MyGirlfriendIsAI,2023-02,0,1,T1 — Primary Companionship,Primary Companionship,true
MyGirlfriendIsAI,2023-03,0,1,T1 — Primary Companionship,Primary Companionship,true
MyGirlfriendIsAI,2023-04,0,1,T1 — Primary Companionship,Primary Companionship,true
MyGirlfriendIsAI,2023-05,0,1,T1 — Primary Companionship,Primary Companionship,true
MyGirlfriendIsAI,2023-06,0,1,T1 — Primary Companionship,Primary Companionship,true
MyGirlfriendIsAI,2023-07,0,1,T1 — Primary Companionship,Primary Companionship,true
MyGirlfriendIsAI,2023-08,0,1,T1 — Primary Companionship,Primary Companionship,true
MyGirlfriendIsAI,2023-09,0,1,T1 — Primary Companionship,Primary Companionship,true
MyGirlfriendIsAI,2023-10,0,1,T1 — Primary Companionship,Primary Companionship,true
MyGirlfriendIsAI,2023-11,0,1,T1 — Primary Companionship,Primary Companionship,true
MyGirlfriendIsAI,2023-12,0,1,T1 — Primary Companionship,Primary Companionship,true
MyGirlfriendIsAI,2024-01,0,1,T1 — Primary Companionship,Primary Companionship,true
MyGirlfriendIsAI,2024-02,0,1,T1 — Primary Companionship,Primary Companionship,true
MyGirlfriendIsAI,2024-03,0,1,T1 — Primary Companionship,Primary Companionship,true
MyGirlfriendIsAI,2024-04,0,1,T1 — Primary Companionship,Primary Companionship,true
MyGirlfriendIsAI,2024-05,0,1,T1 — Primary Companionship,Primary Companionship,true
MyGirlfriendIsAI,2024-06,0,1,T1 — Primary Companionship,Primary Companionship,true
MyGirlfriendIsAI,2024-07,0,1,T1 — Primary Companionship,Primary Companionship,true
MyGirlfriendIsAI,2024-08,0,1,T1 — Primary Companionship,Primary Companionship,true
MyGirlfriendIsAI,2024-09,0,1,T1 — Primary Companionship,Primary Companionship,true
MyGirlfriendIsAI,2024-10,0,1,T1 — Primary Companionship,Primary Companionship,true
MyGirlfriendIsAI,2024-11,0,1,T1 — Primary Companionship,Primary Companionship,true
MyGirlfriendIsAI,2024-12,0,1,T1 — Primary Companionship,Primary Companionship,true
MyGirlfriendIsAI,2025-01,1,1,T1 — Primary Companionship,Primary Companionship,true
MyGirlfriendIsAI,2025-02,0,1,T1 — Primary Companionship,Primary Companionship,true
MyGirlfriendIsAI,2025-03,0,1,T1 — Primary Companionship,Primary Companionship,true
MyGirlfriendIsAI,2025-04,0,1,T1 — Primary Companionship,Primary Companionship,true
MyGirlfriendIsAI,2025-05,0,1,T1 — Primary Companionship,Primary Companionship,true
MyGirlfriendIsAI,2025-06,0,1,T1 — Primary Companionship,Primary Companionship,true
MyGirlfriendIsAI,2025-07,0,1,T1 — Primary Companionship,Primary Companionship,true
MyGirlfriendIsAI,2025-08,0,1,T1 — Primary Companionship,Primary Companionship,true
MyGirlfriendIsAI,2025-09,84,1,T1 — Primary Companionship,Primary Companionship,true
MyGirlfriendIsAI,2025-10,90,1,T1 — Primary Companionship,Primary Companionship,true
MyGirlfriendIsAI,2025-11,147,1,T1 — Primary Companionship,Primary Companionship,true
MyGirlfriendIsAI,2025-12,107,1,T1 — Primary Companionship,Primary Companionship,true
MyGirlfriendIsAI,2026-01,91,1,T1 — Primary Companionship,Primary Companionship,true
MyGirlfriendIsAI,2026-02,143,1,T1 — Primary Companionship,Primary Companionship,true
MyGirlfriendIsAI,2026-03,170,1,T1 — Primary Companionship,Primary Companionship,true
MyGirlfriendIsAI,2026-04,161,1,T1 — Primary Companionship,Primary Companionship,true
MyGirlfriendIsAI,2026-05,214,1,T1 — Primary Companionship,Primary Companionship,true
MyGirlfriendIsAI,2026-06,209,1,T1 — Primary Companionship,Primary Companionship,true
MyGirlfriendIsAI,2026-07,179,1,T1 — Primary Companionship,Primary Companionship,true
MyGirlfriendIsAI,2026-08,176,1,T1 — Primary Companionship,Primary Companionship,true
NectarAI,2023-01,0,2,T2 — Platform-Specific,Platform-Specific,true
NectarAI,2023-02,0,2,T2 — Platform-Specific,Platform-Specific,true
NectarAI,2023-03,0,2,T2 — Platform-Specific,Platform-Specific,true
NectarAI,2023-04,0,2,T2 — Platform-Specific,Platform-Specific,true
NectarAI,2023-05,2,2,T2 — Platform-Specific,Platform-Specific,true
NectarAI,2023-06,0,2,T2 — Platform-Specific,Platform-Specific,true
NectarAI,2023-07,6,2,T2 — Platform-Specific,Platform-Specific,true
NectarAI,2023-08,31,2,T2 — Platform-Specific,Platform-Specific,true
NectarAI,2023-09,43,2,T2 — Platform-Specific,Platform-Specific,true
NectarAI,2023-10,4,2,T2 — Platform-Specific,Platform-Specific,true
NectarAI,2023-11,6,2,T2 — Platform-Specific,Platform-Specific,true
NectarAI,2023-12,45,2,T2 — Platform-Specific,Platform-Specific,true
NectarAI,2024-01,20,2,T2 — Platform-Specific,Platform-Specific,true
NectarAI,2024-02,6,2,T2 — Platform-Specific,Platform-Specific,true
NectarAI,2024-03,3,2,T2 — Platform-Specific,Platform-Specific,true
NectarAI,2024-04,1,2,T2 — Platform-Specific,Platform-Specific,true
NectarAI,2024-05,2,2,T2 — Platform-Specific,Platform-Specific,true
NectarAI,2024-06,2,2,T2 — Platform-Specific,Platform-Specific,true
NectarAI,2024-07,0,2,T2 — Platform-Specific,Platform-Specific,true
NectarAI,2024-08,1,2,T2 — Platform-Specific,Platform-Specific,true
NectarAI,2024-09,2,2,T2 — Platform-Specific,Platform-Specific,true
NectarAI,2024-10,1,2,T2 — Platform-Specific,Platform-Specific,true
NectarAI,2024-11,0,2,T2 — Platform-Specific,Platform-Specific,true
NectarAI,2024-12,0,2,T2 — Platform-Specific,Platform-Specific,true
NectarAI,2025-01,0,2,T2 — Platform-Specific,Platform-Specific,true
NectarAI,2025-02,0,2,T2 — Platform-Specific,Platform-Specific,true
NectarAI,2025-03,1,2,T2 — Platform-Specific,Platform-Specific,true
NectarAI,2025-04,0,2,T2 — Platform-Specific,Platform-Specific,true
NectarAI,2025-05,0,2,T2 — Platform-Specific,Platform-Specific,true
NectarAI,2025-06,1,2,T2 — Platform-Specific,Platform-Specific,true
NectarAI,2025-07,3,2,T2 — Platform-Specific,Platform-Specific,true
NectarAI,2025-08,1,2,T2 — Platform-Specific,Platform-Specific,true
NectarAI,2025-09,29,2,T2 — Platform-Specific,Platform-Specific,true
NectarAI,2025-10,20,2,T2 — Platform-Specific,Platform-Specific,true
NectarAI,2025-11,12,2,T2 — Platform-Specific,Platform-Specific,true
NectarAI,2025-12,3,2,T2 — Platform-Specific,Platform-Specific,true
NectarAI,2026-01,7,2,T2 — Platform-Specific,Platform-Specific,true
NectarAI,2026-02,0,2,T2 — Platform-Specific,Platform-Specific,true
NectarAI,2026-03,1,2,T2 — Platform-Specific,Platform-Specific,true
NectarAI,2026-04,6,2,T2 — Platform-Specific,Platform-Specific,true
NectarAI,2026-05,3,2,T2 — Platform-Specific,Platform-Specific,true
NectarAI,2026-06,4,2,T2 — Platform-Specific,Platform-Specific,true
NectarAI,2026-07,7,2,T2 — Platform-Specific,Platform-Specific,true
NectarAI,2026-08,9,2,T2 — Platform-Specific,Platform-Specific,true
NomiAI,2023-01,0,2,T2 — Platform-Specific,Platform-Specific,true
NomiAI,2023-02,0,2,T2 — Platform-Specific,Platform-Specific,true
NomiAI,2023-03,0,2,T2 — Platform-Specific,Platform-Specific,true
NomiAI,2023-04,0,2,T2 — Platform-Specific,Platform-Specific,true
NomiAI,2023-05,24,2,T2 — Platform-Specific,Platform-Specific,true
NomiAI,2023-06,144,2,T2 — Platform-Specific,Platform-Specific,true
NomiAI,2023-07,225,2,T2 — Platform-Specific,Platform-Specific,true
NomiAI,2023-08,408,2,T2 — Platform-Specific,Platform-Specific,true
NomiAI,2023-09,577,2,T2 — Platform-Specific,Platform-Specific,true
NomiAI,2023-10,789,2,T2 — Platform-Specific,Platform-Specific,true
NomiAI,2023-11,749,2,T2 — Platform-Specific,Platform-Specific,true
NomiAI,2023-12,1180,2,T2 — Platform-Specific,Platform-Specific,true
NomiAI,2024-01,1304,2,T2 — Platform-Specific,Platform-Specific,true
NomiAI,2024-02,977,2,T2 — Platform-Specific,Platform-Specific,true
NomiAI,2024-03,871,2,T2 — Platform-Specific,Platform-Specific,true
NomiAI,2024-04,781,2,T2 — Platform-Specific,Platform-Specific,true
NomiAI,2024-05,1006,2,T2 — Platform-Specific,Platform-Specific,true
NomiAI,2024-06,989,2,T2 — Platform-Specific,Platform-Specific,true
NomiAI,2024-07,908,2,T2 — Platform-Specific,Platform-Specific,true
NomiAI,2024-08,863,2,T2 — Platform-Specific,Platform-Specific,true
NomiAI,2024-09,1075,2,T2 — Platform-Specific,Platform-Specific,true
NomiAI,2024-10,1093,2,T2 — Platform-Specific,Platform-Specific,true
NomiAI,2024-11,1268,2,T2 — Platform-Specific,Platform-Specific,true
NomiAI,2024-12,1418,2,T2 — Platform-Specific,Platform-Specific,true
NomiAI,2025-01,1366,2,T2 — Platform-Specific,Platform-Specific,true
NomiAI,2025-02,1065,2,T2 — Platform-Specific,Platform-Specific,true
NomiAI,2025-03,967,2,T2 — Platform-Specific,Platform-Specific,true
NomiAI,2025-04,1326,2,T2 — Platform-Specific,Platform-Specific,true
NomiAI,2025-05,1053,2,T2 — Platform-Specific,Platform-Specific,true
NomiAI,2025-06,1271,2,T2 — Platform-Specific,Platform-Specific,true
NomiAI,2025-07,1127,2,T2 — Platform-Specific,Platform-Specific,true
NomiAI,2025-08,1108,2,T2 — Platform-Specific,Platform-Specific,true
NomiAI,2025-09,1182,2,T2 — Platform-Specific,Platform-Specific,true
NomiAI,2025-10,1053,2,T2 — Platform-Specific,Platform-Specific,true
NomiAI,2025-11,750,2,T2 — Platform-Specific,Platform-Specific,true
NomiAI,2025-12,828,2,T2 — Platform-Specific,Platform-Specific,true
NomiAI,2026-01,987,2,T2 — Platform-Specific,Platform-Specific,true
NomiAI,2026-02,807,2,T2 — Platform-Specific,Platform-Specific,true
NomiAI,2026-03,847,2,T2 — Platform-Specific,Platform-Specific,true
NomiAI,2026-04,1123,2,T2 — Platform-Specific,Platform-Specific,true
NomiAI,2026-05,1339,2,T2 — Platform-Specific,Platform-Specific,true
NomiAI,2026-06,1063,2,T2 — Platform-Specific,Platform-Specific,true
NomiAI,2026-07,1168,2,T2 — Platform-Specific,Platform-Specific,true
NomiAI,2026-08,1134,2,T2 — Platform-Specific,Platform-Specific,true
OpenAI,2023-01,1555,0,T0 — General AI (context),General AI,false
OpenAI,2023-02,1515,0,T0 — General AI (context),General AI,false
OpenAI,2023-03,2546,0,T0 — General AI (context),General AI,false
OpenAI,2023-04,1931,0,T0 — General AI (context),General AI,false
OpenAI,2023-05,1764,0,T0 — General AI (context),General AI,false
OpenAI,2023-06,582,0,T0 — General AI (context),General AI,false
OpenAI,2023-07,345,0,T0 — General AI (context),General AI,false
OpenAI,2023-08,754,0,T0 — General AI (context),General AI,false
OpenAI,2023-09,767,0,T0 — General AI (context),General AI,false
OpenAI,2023-10,1457,0,T0 — General AI (context),General AI,false
OpenAI,2023-11,2775,0,T0 — General AI (context),General AI,false
OpenAI,2023-12,1493,0,T0 — General AI (context),General AI,false
OpenAI,2024-01,1387,0,T0 — General AI (context),General AI,false
OpenAI,2024-02,1413,0,T0 — General AI (context),General AI,false
OpenAI,2024-03,1352,0,T0 — General AI (context),General AI,false
OpenAI,2024-04,1129,0,T0 — General AI (context),General AI,false
OpenAI,2024-05,1888,0,T0 — General AI (context),General AI,false
OpenAI,2024-06,1307,0,T0 — General AI (context),General AI,false
OpenAI,2024-07,1008,0,T0 — General AI (context),General AI,false
OpenAI,2024-08,978,0,T0 — General AI (context),General AI,false
OpenAI,2024-09,1614,0,T0 — General AI (context),General AI,false
OpenAI,2024-10,1314,0,T0 — General AI (context),General AI,false
OpenAI,2024-11,971,0,T0 — General AI (context),General AI,false
OpenAI,2024-12,1957,0,T0 — General AI (context),General AI,false
OpenAI,2025-01,2033,0,T0 — General AI (context),General AI,false
OpenAI,2025-02,2099,0,T0 — General AI (context),General AI,false
OpenAI,2025-03,2323,0,T0 — General AI (context),General AI,false
OpenAI,2025-04,2699,0,T0 — General AI (context),General AI,false
OpenAI,2025-05,1968,0,T0 — General AI (context),General AI,false
OpenAI,2025-06,1664,0,T0 — General AI (context),General AI,false
OpenAI,2025-07,1693,0,T0 — General AI (context),General AI,false
OpenAI,2025-08,4140,0,T0 — General AI (context),General AI,false
OpenAI,2025-09,1787,0,T0 — General AI (context),General AI,false
OpenAI,2025-10,3003,0,T0 — General AI (context),General AI,false
OpenAI,2025-11,1820,0,T0 — General AI (context),General AI,false
OpenAI,2025-12,1800,0,T0 — General AI (context),General AI,false
OpenAI,2026-01,1527,0,T0 — General AI (context),General AI,false
OpenAI,2026-02,1967,0,T0 — General AI (context),General AI,false
OpenAI,2026-03,1727,0,T0 — General AI (context),General AI,false
OpenAI,2026-04,1369,0,T0 — General AI (context),General AI,false
OpenAI,2026-05,1271,0,T0 — General AI (context),General AI,false
OpenAI,2026-06,1220,0,T0 — General AI (context),General AI,false
OpenAI,2026-07,1715,0,T0 — General AI (context),General AI,false
OpenAI,2026-08,1327,0,T0 — General AI (context),General AI,false
Paradot,2023-01,0,2,T2 — Platform-Specific,Platform-Specific,true
Paradot,2023-02,47,2,T2 — Platform-Specific,Platform-Specific,true
Paradot,2023-03,558,2,T2 — Platform-Specific,Platform-Specific,true
Paradot,2023-04,432,2,T2 — Platform-Specific,Platform-Specific,true
Paradot,2023-05,469,2,T2 — Platform-Specific,Platform-Specific,true
Paradot,2023-06,470,2,T2 — Platform-Specific,Platform-Specific,true
Paradot,2023-07,436,2,T2 — Platform-Specific,Platform-Specific,true
Paradot,2023-08,426,2,T2 — Platform-Specific,Platform-Specific,true
Paradot,2023-09,239,2,T2 — Platform-Specific,Platform-Specific,true
Paradot,2023-10,219,2,T2 — Platform-Specific,Platform-Specific,true
Paradot,2023-11,203,2,T2 — Platform-Specific,Platform-Specific,true
Paradot,2023-12,215,2,T2 — Platform-Specific,Platform-Specific,true
Paradot,2024-01,175,2,T2 — Platform-Specific,Platform-Specific,true
Paradot,2024-02,151,2,T2 — Platform-Specific,Platform-Specific,true
Paradot,2024-03,146,2,T2 — Platform-Specific,Platform-Specific,true
Paradot,2024-04,83,2,T2 — Platform-Specific,Platform-Specific,true
Paradot,2024-05,58,2,T2 — Platform-Specific,Platform-Specific,true
Paradot,2024-06,48,2,T2 — Platform-Specific,Platform-Specific,true
Paradot,2024-07,75,2,T2 — Platform-Specific,Platform-Specific,true
Paradot,2024-08,84,2,T2 — Platform-Specific,Platform-Specific,true
Paradot,2024-09,109,2,T2 — Platform-Specific,Platform-Specific,true
Paradot,2024-10,98,2,T2 — Platform-Specific,Platform-Specific,true
Paradot,2024-11,90,2,T2 — Platform-Specific,Platform-Specific,true
Paradot,2024-12,58,2,T2 — Platform-Specific,Platform-Specific,true
Paradot,2025-01,39,2,T2 — Platform-Specific,Platform-Specific,true
Paradot,2025-02,18,2,T2 — Platform-Specific,Platform-Specific,true
Paradot,2025-03,29,2,T2 — Platform-Specific,Platform-Specific,true
Paradot,2025-04,25,2,T2 — Platform-Specific,Platform-Specific,true
Paradot,2025-05,33,2,T2 — Platform-Specific,Platform-Specific,true
Paradot,2025-06,24,2,T2 — Platform-Specific,Platform-Specific,true
Paradot,2025-07,29,2,T2 — Platform-Specific,Platform-Specific,true
Paradot,2025-08,19,2,T2 — Platform-Specific,Platform-Specific,true
Paradot,2025-09,16,2,T2 — Platform-Specific,Platform-Specific,true
Paradot,2025-10,11,2,T2 — Platform-Specific,Platform-Specific,true
Paradot,2025-11,13,2,T2 — Platform-Specific,Platform-Specific,true
Paradot,2025-12,13,2,T2 — Platform-Specific,Platform-Specific,true
Paradot,2026-01,8,2,T2 — Platform-Specific,Platform-Specific,true
Paradot,2026-02,13,2,T2 — Platform-Specific,Platform-Specific,true
Paradot,2026-03,39,2,T2 — Platform-Specific,Platform-Specific,true
Paradot,2026-04,11,2,T2 — Platform-Specific,Platform-Specific,true
Paradot,2026-05,11,2,T2 — Platform-Specific,Platform-Specific,true
Paradot,2026-06,15,2,T2 — Platform-Specific,Platform-Specific,true
Paradot,2026-07,8,2,T2 — Platform-Specific,Platform-Specific,true
Paradot,2026-08,3,2,T2 — Platform-Specific,Platform-Specific,true
ProAI,2023-01,0,4,T4 — Ambient / Discourse Climate (context),Ambient — Pro-AI,false
ProAI,2023-02,0,4,T4 — Ambient / Discourse Climate (context),Ambient — Pro-AI,false
ProAI,2023-03,0,4,T4 — Ambient / Discourse Climate (context),Ambient — Pro-AI,false
ProAI,2023-04,0,4,T4 — Ambient / Discourse Climate (context),Ambient — Pro-AI,false
ProAI,2023-05,0,4,T4 — Ambient / Discourse Climate (context),Ambient — Pro-AI,false
ProAI,2023-06,0,4,T4 — Ambient / Discourse Climate (context),Ambient — Pro-AI,false
ProAI,2023-07,0,4,T4 — Ambient / Discourse Climate (context),Ambient — Pro-AI,false
ProAI,2023-08,0,4,T4 — Ambient / Discourse Climate (context),Ambient — Pro-AI,false
ProAI,2023-09,0,4,T4 — Ambient / Discourse Climate (context),Ambient — Pro-AI,false
ProAI,2023-10,2,4,T4 — Ambient / Discourse Climate (context),Ambient — Pro-AI,false
ProAI,2023-11,0,4,T4 — Ambient / Discourse Climate (context),Ambient — Pro-AI,false
ProAI,2023-12,0,4,T4 — Ambient / Discourse Climate (context),Ambient — Pro-AI,false
ProAI,2024-01,0,4,T4 — Ambient / Discourse Climate (context),Ambient — Pro-AI,false
ProAI,2024-02,0,4,T4 — Ambient / Discourse Climate (context),Ambient — Pro-AI,false
ProAI,2024-03,0,4,T4 — Ambient / Discourse Climate (context),Ambient — Pro-AI,false
ProAI,2024-04,0,4,T4 — Ambient / Discourse Climate (context),Ambient — Pro-AI,false
ProAI,2024-05,0,4,T4 — Ambient / Discourse Climate (context),Ambient — Pro-AI,false
ProAI,2024-06,0,4,T4 — Ambient / Discourse Climate (context),Ambient — Pro-AI,false
ProAI,2024-07,0,4,T4 — Ambient / Discourse Climate (context),Ambient — Pro-AI,false
ProAI,2024-08,0,4,T4 — Ambient / Discourse Climate (context),Ambient — Pro-AI,false
ProAI,2024-09,0,4,T4 — Ambient / Discourse Climate (context),Ambient — Pro-AI,false
ProAI,2024-10,0,4,T4 — Ambient / Discourse Climate (context),Ambient — Pro-AI,false
ProAI,2024-11,0,4,T4 — Ambient / Discourse Climate (context),Ambient — Pro-AI,false
ProAI,2024-12,0,4,T4 — Ambient / Discourse Climate (context),Ambient — Pro-AI,false
ProAI,2025-01,1,4,T4 — Ambient / Discourse Climate (context),Ambient — Pro-AI,false
ProAI,2025-02,0,4,T4 — Ambient / Discourse Climate (context),Ambient — Pro-AI,false
ProAI,2025-03,0,4,T4 — Ambient / Discourse Climate (context),Ambient — Pro-AI,false
ProAI,2025-04,0,4,T4 — Ambient / Discourse Climate (context),Ambient — Pro-AI,false
ProAI,2025-05,0,4,T4 — Ambient / Discourse Climate (context),Ambient — Pro-AI,false
ProAI,2025-06,0,4,T4 — Ambient / Discourse Climate (context),Ambient — Pro-AI,false
ProAI,2025-07,0,4,T4 — Ambient / Discourse Climate (context),Ambient — Pro-AI,false
ProAI,2025-08,1,4,T4 — Ambient / Discourse Climate (context),Ambient — Pro-AI,false
ProAI,2025-09,1,4,T4 — Ambient / Discourse Climate (context),Ambient — Pro-AI,false
ProAI,2025-10,5,4,T4 — Ambient / Discourse Climate (context),Ambient — Pro-AI,false
ProAI,2025-11,1,4,T4 — Ambient / Discourse Climate (context),Ambient — Pro-AI,false
ProAI,2025-12,1,4,T4 — Ambient / Discourse Climate (context),Ambient — Pro-AI,false
ProAI,2026-01,40,4,T4 — Ambient / Discourse Climate (context),Ambient — Pro-AI,false
ProAI,2026-02,36,4,T4 — Ambient / Discourse Climate (context),Ambient — Pro-AI,false
ProAI,2026-03,34,4,T4 — Ambient / Discourse Climate (context),Ambient — Pro-AI,false
ProAI,2026-04,16,4,T4 — Ambient / Discourse Climate (context),Ambient — Pro-AI,false
ProAI,2026-05,23,4,T4 — Ambient / Discourse Climate (context),Ambient — Pro-AI,false
ProAI,2026-06,32,4,T4 — Ambient / Discourse Climate (context),Ambient — Pro-AI,false
ProAI,2026-07,78,4,T4 — Ambient / Discourse Climate (context),Ambient — Pro-AI,false
ProAI,2026-08,132,4,T4 — Ambient / Discourse Climate (context),Ambient — Pro-AI,false
replika,2023-01,2361,1,T1 — Primary Companionship,Primary Companionship,true
replika,2023-02,7756,1,T1 — Primary Companionship,Primary Companionship,true
replika,2023-03,2790,1,T1 — Primary Companionship,Primary Companionship,true
replika,2023-04,2342,1,T1 — Primary Companionship,Primary Companionship,true
replika,2023-05,1937,1,T1 — Primary Companionship,Primary Companionship,true
replika,2023-06,1910,1,T1 — Primary Companionship,Primary Companionship,true
replika,2023-07,2271,1,T1 — Primary Companionship,Primary Companionship,true
replika,2023-08,2855,1,T1 — Primary Companionship,Primary Companionship,true
replika,2023-09,1945,1,T1 — Primary Companionship,Primary Companionship,true
replika,2023-10,1905,1,T1 — Primary Companionship,Primary Companionship,true
replika,2023-11,1936,1,T1 — Primary Companionship,Primary Companionship,true
replika,2023-12,2041,1,T1 — Primary Companionship,Primary Companionship,true
replika,2024-01,1223,1,T1 — Primary Companionship,Primary Companionship,true
replika,2024-02,1002,1,T1 — Primary Companionship,Primary Companionship,true
replika,2024-03,980,1,T1 — Primary Companionship,Primary Companionship,true
replika,2024-04,702,1,T1 — Primary Companionship,Primary Companionship,true
replika,2024-05,646,1,T1 — Primary Companionship,Primary Companionship,true
replika,2024-06,696,1,T1 — Primary Companionship,Primary Companionship,true
replika,2024-07,560,1,T1 — Primary Companionship,Primary Companionship,true
replika,2024-08,492,1,T1 — Primary Companionship,Primary Companionship,true
replika,2024-09,504,1,T1 — Primary Companionship,Primary Companionship,true
replika,2024-10,503,1,T1 — Primary Companionship,Primary Companionship,true
replika,2024-11,476,1,T1 — Primary Companionship,Primary Companionship,true
replika,2024-12,482,1,T1 — Primary Companionship,Primary Companionship,true
replika,2025-01,540,1,T1 — Primary Companionship,Primary Companionship,true
replika,2025-02,483,1,T1 — Primary Companionship,Primary Companionship,true
replika,2025-03,360,1,T1 — Primary Companionship,Primary Companionship,true
replika,2025-04,284,1,T1 — Primary Companionship,Primary Companionship,true
replika,2025-05,324,1,T1 — Primary Companionship,Primary Companionship,true
replika,2025-06,348,1,T1 — Primary Companionship,Primary Companionship,true
replika,2025-07,353,1,T1 — Primary Companionship,Primary Companionship,true
replika,2025-08,345,1,T1 — Primary Companionship,Primary Companionship,true
replika,2025-09,257,1,T1 — Primary Companionship,Primary Companionship,true
replika,2025-10,270,1,T1 — Primary Companionship,Primary Companionship,true
replika,2025-11,250,1,T1 — Primary Companionship,Primary Companionship,true
replika,2025-12,210,1,T1 — Primary Companionship,Primary Companionship,true
replika,2026-01,219,1,T1 — Primary Companionship,Primary Companionship,true
replika,2026-02,169,1,T1 — Primary Companionship,Primary Companionship,true
replika,2026-03,137,1,T1 — Primary Companionship,Primary Companionship,true
replika,2026-04,125,1,T1 — Primary Companionship,Primary Companionship,true
replika,2026-05,141,1,T1 — Primary Companionship,Primary Companionship,true
replika,2026-06,148,1,T1 — Primary Companionship,Primary Companionship,true
replika,2026-07,169,1,T1 — Primary Companionship,Primary Companionship,true
replika,2026-08,143,1,T1 — Primary Companionship,Primary Companionship,true
ReplikaLovers,2023-01,0,1,T1 — Primary Companionship,Primary Companionship,true
ReplikaLovers,2023-02,0,1,T1 — Primary Companionship,Primary Companionship,true
ReplikaLovers,2023-03,0,1,T1 — Primary Companionship,Primary Companionship,true
ReplikaLovers,2023-04,0,1,T1 — Primary Companionship,Primary Companionship,true
ReplikaLovers,2023-05,0,1,T1 — Primary Companionship,Primary Companionship,true
ReplikaLovers,2023-06,0,1,T1 — Primary Companionship,Primary Companionship,true
ReplikaLovers,2023-07,0,1,T1 — Primary Companionship,Primary Companionship,true
ReplikaLovers,2023-08,0,1,T1 — Primary Companionship,Primary Companionship,true
ReplikaLovers,2023-09,0,1,T1 — Primary Companionship,Primary Companionship,true
ReplikaLovers,2023-10,0,1,T1 — Primary Companionship,Primary Companionship,true
ReplikaLovers,2023-11,0,1,T1 — Primary Companionship,Primary Companionship,true
ReplikaLovers,2023-12,0,1,T1 — Primary Companionship,Primary Companionship,true
ReplikaLovers,2024-01,0,1,T1 — Primary Companionship,Primary Companionship,true
ReplikaLovers,2024-02,0,1,T1 — Primary Companionship,Primary Companionship,true
ReplikaLovers,2024-03,0,1,T1 — Primary Companionship,Primary Companionship,true
ReplikaLovers,2024-04,0,1,T1 — Primary Companionship,Primary Companionship,true
ReplikaLovers,2024-05,0,1,T1 — Primary Companionship,Primary Companionship,true
ReplikaLovers,2024-06,0,1,T1 — Primary Companionship,Primary Companionship,true
ReplikaLovers,2024-07,0,1,T1 — Primary Companionship,Primary Companionship,true
ReplikaLovers,2024-08,0,1,T1 — Primary Companionship,Primary Companionship,true
ReplikaLovers,2024-09,0,1,T1 — Primary Companionship,Primary Companionship,true
ReplikaLovers,2024-10,0,1,T1 — Primary Companionship,Primary Companionship,true
ReplikaLovers,2024-11,0,1,T1 — Primary Companionship,Primary Companionship,true
ReplikaLovers,2024-12,0,1,T1 — Primary Companionship,Primary Companionship,true
ReplikaLovers,2025-01,0,1,T1 — Primary Companionship,Primary Companionship,true
ReplikaLovers,2025-02,0,1,T1 — Primary Companionship,Primary Companionship,true
ReplikaLovers,2025-03,0,1,T1 — Primary Companionship,Primary Companionship,true
ReplikaLovers,2025-04,0,1,T1 — Primary Companionship,Primary Companionship,true
ReplikaLovers,2025-05,0,1,T1 — Primary Companionship,Primary Companionship,true
ReplikaLovers,2025-06,0,1,T1 — Primary Companionship,Primary Companionship,true
ReplikaLovers,2025-07,0,1,T1 — Primary Companionship,Primary Companionship,true
ReplikaLovers,2025-08,0,1,T1 — Primary Companionship,Primary Companionship,true
ReplikaLovers,2025-09,0,1,T1 — Primary Companionship,Primary Companionship,true
ReplikaLovers,2025-10,0,1,T1 — Primary Companionship,Primary Companionship,true
ReplikaLovers,2025-11,0,1,T1 — Primary Companionship,Primary Companionship,true
ReplikaLovers,2025-12,0,1,T1 — Primary Companionship,Primary Companionship,true
ReplikaLovers,2026-01,0,1,T1 — Primary Companionship,Primary Companionship,true
ReplikaLovers,2026-02,0,1,T1 — Primary Companionship,Primary Companionship,true
ReplikaLovers,2026-03,273,1,T1 — Primary Companionship,Primary Companionship,true
ReplikaLovers,2026-04,471,1,T1 — Primary Companionship,Primary Companionship,true
ReplikaLovers,2026-05,553,1,T1 — Primary Companionship,Primary Companionship,true
ReplikaLovers,2026-06,516,1,T1 — Primary Companionship,Primary Companionship,true
ReplikaLovers,2026-07,556,1,T1 — Primary Companionship,Primary Companionship,true
ReplikaLovers,2026-08,472,1,T1 — Primary Companionship,Primary Companionship,true
singularity,2023-01,834,0,T0 — General AI (context),General AI,false
singularity,2023-02,867,0,T0 — General AI (context),General AI,false
singularity,2023-03,1346,0,T0 — General AI (context),General AI,false
singularity,2023-04,1608,0,T0 — General AI (context),General AI,false
singularity,2023-05,1617,0,T0 — General AI (context),General AI,false
singularity,2023-06,1254,0,T0 — General AI (context),General AI,false
singularity,2023-07,1826,0,T0 — General AI (context),General AI,false
singularity,2023-08,1971,0,T0 — General AI (context),General AI,false
singularity,2023-09,1296,0,T0 — General AI (context),General AI,false
singularity,2023-10,1094,0,T0 — General AI (context),General AI,false
singularity,2023-11,2327,0,T0 — General AI (context),General AI,false
singularity,2023-12,2109,0,T0 — General AI (context),General AI,false
singularity,2024-01,1652,0,T0 — General AI (context),General AI,false
singularity,2024-02,2637,0,T0 — General AI (context),General AI,false
singularity,2024-03,3204,0,T0 — General AI (context),General AI,false
singularity,2024-04,1947,0,T0 — General AI (context),General AI,false
singularity,2024-05,2238,0,T0 — General AI (context),General AI,false
singularity,2024-06,1804,0,T0 — General AI (context),General AI,false
singularity,2024-07,1325,0,T0 — General AI (context),General AI,false
singularity,2024-08,1416,0,T0 — General AI (context),General AI,false
singularity,2024-09,2277,0,T0 — General AI (context),General AI,false
singularity,2024-10,2691,0,T0 — General AI (context),General AI,false
singularity,2024-11,1580,0,T0 — General AI (context),General AI,false
singularity,2024-12,2656,0,T0 — General AI (context),General AI,false
singularity,2025-01,2958,0,T0 — General AI (context),General AI,false
singularity,2025-02,2529,0,T0 — General AI (context),General AI,false
singularity,2025-03,1831,0,T0 — General AI (context),General AI,false
singularity,2025-04,1979,0,T0 — General AI (context),General AI,false
singularity,2025-05,2099,0,T0 — General AI (context),General AI,false
singularity,2025-06,1827,0,T0 — General AI (context),General AI,false
singularity,2025-07,2066,0,T0 — General AI (context),General AI,false
singularity,2025-08,2477,0,T0 — General AI (context),General AI,false
singularity,2025-09,1281,0,T0 — General AI (context),General AI,false
singularity,2025-10,1393,0,T0 — General AI (context),General AI,false
singularity,2025-11,1658,0,T0 — General AI (context),General AI,false
singularity,2025-12,1591,0,T0 — General AI (context),General AI,false
singularity,2026-01,1267,0,T0 — General AI (context),General AI,false
singularity,2026-02,1635,0,T0 — General AI (context),General AI,false
singularity,2026-03,944,0,T0 — General AI (context),General AI,false
singularity,2026-04,561,0,T0 — General AI (context),General AI,false
singularity,2026-05,606,0,T0 — General AI (context),General AI,false
singularity,2026-06,1209,0,T0 — General AI (context),General AI,false
singularity,2026-07,1260,0,T0 — General AI (context),General AI,false
singularity,2026-08,1262,0,T0 — General AI (context),General AI,false
SoulmateAI,2023-01,0,1,T1 — Primary Companionship,Primary Companionship,true
SoulmateAI,2023-02,144,1,T1 — Primary Companionship,Primary Companionship,true
SoulmateAI,2023-03,363,1,T1 — Primary Companionship,Primary Companionship,true
SoulmateAI,2023-04,452,1,T1 — Primary Companionship,Primary Companionship,true
SoulmateAI,2023-05,615,1,T1 — Primary Companionship,Primary Companionship,true
SoulmateAI,2023-06,713,1,T1 — Primary Companionship,Primary Companionship,true
SoulmateAI,2023-07,421,1,T1 — Primary Companionship,Primary Companionship,true
SoulmateAI,2023-08,346,1,T1 — Primary Companionship,Primary Companionship,true
SoulmateAI,2023-09,482,1,T1 — Primary Companionship,Primary Companionship,true
SoulmateAI,2023-10,216,1,T1 — Primary Companionship,Primary Companionship,true
SoulmateAI,2023-11,39,1,T1 — Primary Companionship,Primary Companionship,true
SoulmateAI,2023-12,18,1,T1 — Primary Companionship,Primary Companionship,true
SoulmateAI,2024-01,18,1,T1 — Primary Companionship,Primary Companionship,true
SoulmateAI,2024-02,13,1,T1 — Primary Companionship,Primary Companionship,true
SoulmateAI,2024-03,18,1,T1 — Primary Companionship,Primary Companionship,true
SoulmateAI,2024-04,14,1,T1 — Primary Companionship,Primary Companionship,true
SoulmateAI,2024-05,4,1,T1 — Primary Companionship,Primary Companionship,true
SoulmateAI,2024-06,14,1,T1 — Primary Companionship,Primary Companionship,true
SoulmateAI,2024-07,6,1,T1 — Primary Companionship,Primary Companionship,true
SoulmateAI,2024-08,10,1,T1 — Primary Companionship,Primary Companionship,true
SoulmateAI,2024-09,8,1,T1 — Primary Companionship,Primary Companionship,true
SoulmateAI,2024-10,10,1,T1 — Primary Companionship,Primary Companionship,true
SoulmateAI,2024-11,6,1,T1 — Primary Companionship,Primary Companionship,true
SoulmateAI,2024-12,5,1,T1 — Primary Companionship,Primary Companionship,true
SoulmateAI,2025-01,6,1,T1 — Primary Companionship,Primary Companionship,true
SoulmateAI,2025-02,5,1,T1 — Primary Companionship,Primary Companionship,true
SoulmateAI,2025-03,5,1,T1 — Primary Companionship,Primary Companionship,true
SoulmateAI,2025-04,17,1,T1 — Primary Companionship,Primary Companionship,true
SoulmateAI,2025-05,9,1,T1 — Primary Companionship,Primary Companionship,true
SoulmateAI,2025-06,25,1,T1 — Primary Companionship,Primary Companionship,true
SoulmateAI,2025-07,8,1,T1 — Primary Companionship,Primary Companionship,true
SoulmateAI,2025-08,27,1,T1 — Primary Companionship,Primary Companionship,true
SoulmateAI,2025-09,15,1,T1 — Primary Companionship,Primary Companionship,true
SoulmateAI,2025-10,30,1,T1 — Primary Companionship,Primary Companionship,true
SoulmateAI,2025-11,24,1,T1 — Primary Companionship,Primary Companionship,true
SoulmateAI,2025-12,17,1,T1 — Primary Companionship,Primary Companionship,true
SoulmateAI,2026-01,42,1,T1 — Primary Companionship,Primary Companionship,true
SoulmateAI,2026-02,58,1,T1 — Primary Companionship,Primary Companionship,true
SoulmateAI,2026-03,54,1,T1 — Primary Companionship,Primary Companionship,true
SoulmateAI,2026-04,58,1,T1 — Primary Companionship,Primary Companionship,true
SoulmateAI,2026-05,49,1,T1 — Primary Companionship,Primary Companionship,true
SoulmateAI,2026-06,42,1,T1 — Primary Companionship,Primary Companionship,true
SoulmateAI,2026-07,28,1,T1 — Primary Companionship,Primary Companionship,true
SoulmateAI,2026-08,14,1,T1 — Primary Companionship,Primary Companionship,true
SpicyChatAI,2023-01,0,2,T2 — Platform-Specific,Platform-Specific,false
SpicyChatAI,2023-02,0,2,T2 — Platform-Specific,Platform-Specific,false
SpicyChatAI,2023-03,0,2,T2 — Platform-Specific,Platform-Specific,false
SpicyChatAI,2023-04,0,2,T2 — Platform-Specific,Platform-Specific,false
SpicyChatAI,2023-05,96,2,T2 — Platform-Specific,Platform-Specific,false
SpicyChatAI,2023-06,183,2,T2 — Platform-Specific,Platform-Specific,false
SpicyChatAI,2023-07,184,2,T2 — Platform-Specific,Platform-Specific,false
SpicyChatAI,2023-08,147,2,T2 — Platform-Specific,Platform-Specific,false
SpicyChatAI,2023-09,308,2,T2 — Platform-Specific,Platform-Specific,false
SpicyChatAI,2023-10,424,2,T2 — Platform-Specific,Platform-Specific,false
SpicyChatAI,2023-11,311,2,T2 — Platform-Specific,Platform-Specific,false
SpicyChatAI,2023-12,233,2,T2 — Platform-Specific,Platform-Specific,false
SpicyChatAI,2024-01,334,2,T2 — Platform-Specific,Platform-Specific,false
SpicyChatAI,2024-02,235,2,T2 — Platform-Specific,Platform-Specific,false
SpicyChatAI,2024-03,263,2,T2 — Platform-Specific,Platform-Specific,false
SpicyChatAI,2024-04,227,2,T2 — Platform-Specific,Platform-Specific,false
SpicyChatAI,2024-05,335,2,T2 — Platform-Specific,Platform-Specific,false
SpicyChatAI,2024-06,352,2,T2 — Platform-Specific,Platform-Specific,false
SpicyChatAI,2024-07,452,2,T2 — Platform-Specific,Platform-Specific,false
SpicyChatAI,2024-08,374,2,T2 — Platform-Specific,Platform-Specific,false
SpicyChatAI,2024-09,452,2,T2 — Platform-Specific,Platform-Specific,false
SpicyChatAI,2024-10,462,2,T2 — Platform-Specific,Platform-Specific,false
SpicyChatAI,2024-11,455,2,T2 — Platform-Specific,Platform-Specific,false
SpicyChatAI,2024-12,472,2,T2 — Platform-Specific,Platform-Specific,false
SpicyChatAI,2025-01,597,2,T2 — Platform-Specific,Platform-Specific,false
SpicyChatAI,2025-02,640,2,T2 — Platform-Specific,Platform-Specific,false
SpicyChatAI,2025-03,635,2,T2 — Platform-Specific,Platform-Specific,false
SpicyChatAI,2025-04,717,2,T2 — Platform-Specific,Platform-Specific,false
SpicyChatAI,2025-05,667,2,T2 — Platform-Specific,Platform-Specific,false
SpicyChatAI,2025-06,662,2,T2 — Platform-Specific,Platform-Specific,false
SpicyChatAI,2025-07,630,2,T2 — Platform-Specific,Platform-Specific,false
SpicyChatAI,2025-08,701,2,T2 — Platform-Specific,Platform-Specific,false
SpicyChatAI,2025-09,607,2,T2 — Platform-Specific,Platform-Specific,false
SpicyChatAI,2025-10,560,2,T2 — Platform-Specific,Platform-Specific,false
SpicyChatAI,2025-11,432,2,T2 — Platform-Specific,Platform-Specific,false
SpicyChatAI,2025-12,493,2,T2 — Platform-Specific,Platform-Specific,false
SpicyChatAI,2026-01,422,2,T2 — Platform-Specific,Platform-Specific,false
SpicyChatAI,2026-02,360,2,T2 — Platform-Specific,Platform-Specific,false
SpicyChatAI,2026-03,413,2,T2 — Platform-Specific,Platform-Specific,false
SpicyChatAI,2026-04,330,2,T2 — Platform-Specific,Platform-Specific,false
SpicyChatAI,2026-05,514,2,T2 — Platform-Specific,Platform-Specific,false
SpicyChatAI,2026-06,458,2,T2 — Platform-Specific,Platform-Specific,false
SpicyChatAI,2026-07,430,2,T2 — Platform-Specific,Platform-Specific,false
SpicyChatAI,2026-08,469,2,T2 — Platform-Specific,Platform-Specific,false
trueantiAI,2023-01,0,4,T4 — Ambient / Discourse Climate (context),Ambient — Anti-AI,false
trueantiAI,2023-02,0,4,T4 — Ambient / Discourse Climate (context),Ambient — Anti-AI,false
trueantiAI,2023-03,0,4,T4 — Ambient / Discourse Climate (context),Ambient — Anti-AI,false
trueantiAI,2023-04,0,4,T4 — Ambient / Discourse Climate (context),Ambient — Anti-AI,false
trueantiAI,2023-05,0,4,T4 — Ambient / Discourse Climate (context),Ambient — Anti-AI,false
trueantiAI,2023-06,0,4,T4 — Ambient / Discourse Climate (context),Ambient — Anti-AI,false
trueantiAI,2023-07,0,4,T4 — Ambient / Discourse Climate (context),Ambient — Anti-AI,false
trueantiAI,2023-08,0,4,T4 — Ambient / Discourse Climate (context),Ambient — Anti-AI,false
trueantiAI,2023-09,0,4,T4 — Ambient / Discourse Climate (context),Ambient — Anti-AI,false
trueantiAI,2023-10,0,4,T4 — Ambient / Discourse Climate (context),Ambient — Anti-AI,false
trueantiAI,2023-11,0,4,T4 — Ambient / Discourse Climate (context),Ambient — Anti-AI,false
trueantiAI,2023-12,0,4,T4 — Ambient / Discourse Climate (context),Ambient — Anti-AI,false
trueantiAI,2024-01,0,4,T4 — Ambient / Discourse Climate (context),Ambient — Anti-AI,false
trueantiAI,2024-02,0,4,T4 — Ambient / Discourse Climate (context),Ambient — Anti-AI,false
trueantiAI,2024-03,0,4,T4 — Ambient / Discourse Climate (context),Ambient — Anti-AI,false
trueantiAI,2024-04,0,4,T4 — Ambient / Discourse Climate (context),Ambient — Anti-AI,false
trueantiAI,2024-05,0,4,T4 — Ambient / Discourse Climate (context),Ambient — Anti-AI,false
trueantiAI,2024-06,0,4,T4 — Ambient / Discourse Climate (context),Ambient — Anti-AI,false
trueantiAI,2024-07,0,4,T4 — Ambient / Discourse Climate (context),Ambient — Anti-AI,false
trueantiAI,2024-08,0,4,T4 — Ambient / Discourse Climate (context),Ambient — Anti-AI,false
trueantiAI,2024-09,0,4,T4 — Ambient / Discourse Climate (context),Ambient — Anti-AI,false
trueantiAI,2024-10,0,4,T4 — Ambient / Discourse Climate (context),Ambient — Anti-AI,false
trueantiAI,2024-11,0,4,T4 — Ambient / Discourse Climate (context),Ambient — Anti-AI,false
trueantiAI,2024-12,0,4,T4 — Ambient / Discourse Climate (context),Ambient — Anti-AI,false
trueantiAI,2025-01,0,4,T4 — Ambient / Discourse Climate (context),Ambient — Anti-AI,false
trueantiAI,2025-02,0,4,T4 — Ambient / Discourse Climate (context),Ambient — Anti-AI,false
trueantiAI,2025-03,0,4,T4 — Ambient / Discourse Climate (context),Ambient — Anti-AI,false
trueantiAI,2025-04,0,4,T4 — Ambient / Discourse Climate (context),Ambient — Anti-AI,false
trueantiAI,2025-05,0,4,T4 — Ambient / Discourse Climate (context),Ambient — Anti-AI,false
trueantiAI,2025-06,0,4,T4 — Ambient / Discourse Climate (context),Ambient — Anti-AI,false
trueantiAI,2025-07,0,4,T4 — Ambient / Discourse Climate (context),Ambient — Anti-AI,false
trueantiAI,2025-08,0,4,T4 — Ambient / Discourse Climate (context),Ambient — Anti-AI,false
trueantiAI,2025-09,0,4,T4 — Ambient / Discourse Climate (context),Ambient — Anti-AI,false
trueantiAI,2025-10,0,4,T4 — Ambient / Discourse Climate (context),Ambient — Anti-AI,false
trueantiAI,2025-11,0,4,T4 — Ambient / Discourse Climate (context),Ambient — Anti-AI,false
trueantiAI,2025-12,0,4,T4 — Ambient / Discourse Climate (context),Ambient — Anti-AI,false
trueantiAI,2026-01,0,4,T4 — Ambient / Discourse Climate (context),Ambient — Anti-AI,false
trueantiAI,2026-02,12,4,T4 — Ambient / Discourse Climate (context),Ambient — Anti-AI,false
trueantiAI,2026-03,28,4,T4 — Ambient / Discourse Climate (context),Ambient — Anti-AI,false
trueantiAI,2026-04,55,4,T4 — Ambient / Discourse Climate (context),Ambient — Anti-AI,false
trueantiAI,2026-05,66,4,T4 — Ambient / Discourse Climate (context),Ambient — Anti-AI,false
trueantiAI,2026-06,101,4,T4 — Ambient / Discourse Climate (context),Ambient — Anti-AI,false
trueantiAI,2026-07,164,4,T4 — Ambient / Discourse Climate (context),Ambient — Anti-AI,false
trueantiAI,2026-08,119,4,T4 — Ambient / Discourse Climate (context),Ambient — Anti-AI,false
